SALE TYPE,SOLD DATE,PROPERTY TYPE,ADDRESS,CITY,STATE OR PROVINCE,ZIP OR POSTAL CODE,PRICE,BEDS,BATHS,LOCATION,SQUARE FEET,LOT SIZE,YEAR BUILT,DAYS ON MARKET,$/SQUARE FEET,HOA/MONTH,STATUS,NEXT OPEN HOUSE START TIME,NEXT OPEN HOUSE END TIME,URL (SEE http://www.redfin.com/buy-a-home/comparative-market-analysis FOR INFO ON PRICING),SOURCE,MLS#,FAVORITE,INTERESTED,LATITUDE,LONGITUDE
MLS Listing,,Condo/Co-op,1548 Jones St,San Francisco,CA,94109,1400000,2,2.0,Nob Hill,1158,,1910,2,1209,339,Active,,,http://www.redfin.com/CA/San-Francisco/1548-Jones-St-94109/home/56449599,San Francisco MLS,500358,N,Y,37.7956865,-122.4147746
MLS Listing,,Condo/Co-op,2200 Market St #402,San Francisco,CA,94114,1150000,1,1.5,Duboce Triangle,825,,2014,4,1394,627,Active,,,http://www.redfin.com/CA/San-Francisco/2200-Market-St-94114/unit-402/home/110052103,San Francisco MLS,500215,N,Y,37.7657893,-122.431598
MLS Listing,,Condo/Co-op,2040 Franklin St #1004,San Francisco,CA,94109,998000,1,1.0,Pacific Heights,919,,1966,8,1086,942,Active,,,http://www.redfin.com/CA/San-Francisco/2040-Franklin-St-94109/unit-1004/home/1483570,San Francisco MLS,499672,N,Y,37.7935189,-122.4243158
MLS Listing,,Condo/Co-op,1425 Vallejo St #205,San Francisco,CA,94109,1349000,2,2.0,Russian Hill,1034,,1982,9,1305,744,Active,,,http://www.redfin.com/CA/San-Francisco/1425-Vallejo-St-94109/unit-205/home/22880510,San Francisco MLS,499659,N,Y,37.7967355,-122.4208266
MLS Listing,,Condo/Co-op,260 King St #903,San Francisco,CA,94107,1249000,2,2.0,Mission Bay,1286,,2004,11,971,932,Active,,,http://www.redfin.com/CA/San-Francisco/260-King-St-94107/unit-903/home/22889838,San Francisco MLS,499673,N,Y,37.7776422,-122.3934181
MLS Listing,,Condo/Co-op,125 Gilbert St #5,San Francisco,CA,94103,929000,1,1.5,South of Market,,,1996,15,,667,Active,,,http://www.redfin.com/CA/San-Francisco/125-Gilbert-St-94103/unit-5/home/12396098,San Francisco MLS,499540,N,Y,37.7730847,-122.4020908
MLS Listing,,Condo/Co-op,77 Van Ness Ave #505,San Francisco,CA,94102,845000,1,1.0,Van Ness/Civic Center,947,,2009,17,892,443,Active,,,http://www.redfin.com/CA/San-Francisco/77-Van-Ness-Ave-94102/unit-505/home/40138128,San Francisco MLS,497132,N,Y,37.7760549,-122.4199372
MLS Listing,,Multi-Family (2-4 Unit),351 29th Ave,San Francisco,CA,94121,2668000,6,4.0,Central Richmond,3038,3000,1911,21,878,,Active,,,http://www.redfin.com/CA/San-Francisco/351-29th-Ave-94121/home/1602824,San Francisco MLS,499209,N,Y,37.782705,-122.4895507
MLS Listing,,Condo/Co-op,1260 Clay St #205,San Francisco,CA,94108,799000,1,1.0,Nob Hill,,,1950,21,,575,Active,,,http://www.redfin.com/CA/San-Francisco/1260-Clay-St-94108/unit-205/home/1418433,San Francisco MLS,499200,N,Y,37.7935706,-122.4136811
MLS Listing,,Condo/Co-op,115 Carl St #3,San Francisco,CA,94117,685000,1,1.0,Parnassus/Ashbury Heights,572,,1964,25,1198,360,Active,,,http://www.redfin.com/CA/San-Francisco/115-Carl-St-94117/unit-3/home/169630912,San Francisco MLS,498923,N,Y,37.7655847,-122.4504283
MLS Listing,,Condo/Co-op,2987 Harrison St,San Francisco,CA,94110,1325000,3,2.0,Inner Mission,1658,,1900,27,799,180,Active,,,http://www.redfin.com/CA/San-Francisco/2987-Harrison-St-94110/home/28597482,San Francisco MLS,498803,N,Y,37.749783,-122.4113096
MLS Listing,,Condo/Co-op,1805 Pine St #22,San Francisco,CA,94109,609000,1,1.0,Lower Pacific Height,525,,1924,27,1160,484,Active,,,http://www.redfin.com/CA/San-Francisco/1805-Pine-St-94109/unit-22/home/569343,San Francisco MLS,498795,N,Y,37.7887911,-122.4256463
MLS Listing,,Single Family Residential,1469 Palou Ave,San Francisco,CA,94124,999000,4,2.0,Bayview,2362,2996,1900,31,423,,Active,,,http://www.redfin.com/CA/San-Francisco/1469-Palou-Ave-94124/home/747673,San Francisco MLS,498660,N,Y,37.7324071,-122.3886318
MLS Listing,,Condo/Co-op,400 Beale St #1314,San Francisco,CA,94105,1599000,3,2.0,South Beach,1433,,2001,31,1116,978,Active,,,http://www.redfin.com/CA/San-Francisco/400-Beale-St-94105/unit-1314/home/12399780,San Francisco MLS,498659,N,Y,37.7869049,-122.3909202
MLS Listing,,Condo/Co-op,10 Innes Ct #106,San Francisco,CA,94124,674998,1,1.0,Hunters Point,750,,2018,35,900,420,Active,,,http://www.redfin.com/CA/San-Francisco/10-Innes-Ct-94124/unit-106/home/169576556,San Francisco MLS,498223,N,Y,37.7280682,-122.3679965
MLS Listing,,Condo/Co-op,1150 Folsom St #4,San Francisco,CA,94103,999000,1,1.5,South of Market,1200,,2000,35,833,524,Active,,,http://www.redfin.com/CA/San-Francisco/1150-Folsom-St-94103/unit-4/home/12397407,San Francisco MLS,497742,N,Y,37.7759504,-122.4092942
MLS Listing,,Condo/Co-op,631 Folsom St Unit 10C,San Francisco,CA,94107,1249995,2,2.0,Yerba Buena,1054,,2009,42,1186,994,Active,,,http://www.redfin.com/CA/San-Francisco/631-Folsom-St-94107/unit-10C/home/21966649,San Francisco MLS,496336,N,Y,37.7847302,-122.3968612
MLS Listing,,Condo/Co-op,1075 Market St #211,San Francisco,CA,94103,579998,0,1.0,South of Market,423,,2018,46,1371,626,Active,,,http://www.redfin.com/CA/San-Francisco/1075-Market-St-94103/unit-211/home/146122166,San Francisco MLS,498003,N,Y,37.7807996,-122.4118342
MLS Listing,,Condo/Co-op,1160 Mission St #810,San Francisco,CA,94103,799000,1,1.0,South of Market,755,,2008,46,1058,777,Active,,,http://www.redfin.com/CA/San-Francisco/1160-Mission-St-94103/unit-810/home/17305230,San Francisco MLS,497939,N,Y,37.7787037,-122.4126341
MLS Listing,,Single Family Residential,1231 Judah St,San Francisco,CA,94122,1395000,3,4.0,Inner Sunset,1720,2495,1937,48,811,,Active,,,http://www.redfin.com/CA/San-Francisco/1231-Judah-St-94122/home/1155496,San Francisco MLS,497812,N,Y,37.761522,-122.475415
MLS Listing,,Single Family Residential,817 Guerrero St,San Francisco,CA,94110,2600000,2,2.0,Eureka Valley/Dolore,,2495,1900,51,,,Active,,,http://www.redfin.com/CA/San-Francisco/817-Guerrero-St-94110/home/1711073,San Francisco MLS,497382,N,Y,37.758045,-122.4232997
MLS Listing,,Condo/Co-op,1875 Mission St #108,San Francisco,CA,94103,649000,0,1.0,Inner Mission,619,,2014,60,1048,526,Active,,,http://www.redfin.com/CA/San-Francisco/1875-Mission-St-94103/unit-108/home/109687083,San Francisco MLS,495775,N,Y,37.7671013,-122.4194461
MLS Listing,,Condo/Co-op,221 Clara St #1,San Francisco,CA,94107,1175000,2,2.5,South of Market,1518,,2000,62,774,471,Active,,,http://www.redfin.com/CA/San-Francisco/221-Clara-St-94107/unit-1/home/12397083,San Francisco MLS,495883,N,Y,37.7789397,-122.4027541
MLS Listing,,Condo/Co-op,407 Miguel St,San Francisco,CA,94131,649000,1,1.0,Glen Park,,,1890,64,,245,Active,,,http://www.redfin.com/CA/San-Francisco/407-Miguel-St-94131/home/110052584,San Francisco MLS,497214,N,Y,37.73668,-122.426822
MLS Listing,,Condo/Co-op,1477 Dolores St #1477,San Francisco,CA,94110,1598000,2,2.0,Noe Valley,1483,,1906,64,1078,345,Active,,,http://www.redfin.com/CA/San-Francisco/1477-Dolores-St-94110/home/1856876,San Francisco MLS,497073,N,Y,37.7458186,-122.4241859
MLS Listing,,Condo/Co-op,51 Innes Ct #207,San Francisco,CA,94124,699777,1,1.0,San Francisco,720,,2017,77,972,504,Active,,,http://www.redfin.com/CA/San-Francisco/51-Innes-Ct-94124/unit-207/home/160765879,"bridgeMLS, Bay East AOR, or Contra Costa AOR",40901285,N,Y,37.7272117,-122.367848
MLS Listing,,Multi-Family (2-4 Unit),2437-2441 Post St,San Francisco,CA,94115,2149000,9,3.0,Lower Pacific Height,4260,3438,1895,197,504,,Active,,,http://www.redfin.com/CA/San-Francisco/2437-Post-St-94115/home/1260982,San Francisco MLS,493030,N,Y,37.7837411,-122.4419644
Redfin Data,,Condo/Co-op,1781 Oak St #3,San Francisco,CA,94117,1049000,2,1.0,San Francisco,772,,1924,1,1359,,Pre On-Market,,,http://www.redfin.com/CA/San-Francisco/1781-Oak-St-94117/unit-3/home/69371364,Coming Soon,58149,N,Y,37.7714744,-122.4485572
Redfin Data,,Multi-Family (2-4 Unit),28 Santa Marina St,San Francisco,CA,94110,1250000,3,2.0,San Francisco,1436,2500,1977,1,870,,Pre On-Market,,,http://www.redfin.com/CA/San-Francisco/28-Santa-Marina-St-94110/home/1986126,Coming Soon,58148,N,Y,37.7401767,-122.4225598
Redfin Data,,Condo/Co-op,4349 18th St,San Francisco,CA,94114,1450000,2,2.5,San Francisco,1209,,1904,2,1199,398,Pre On-Market,,,http://www.redfin.com/CA/San-Francisco/4349-18th-St-94114/home/675926,Coming Soon,58095,N,Y,37.7605142,-122.4380156
Redfin Data,,Condo/Co-op,117 Diamond Cove Ter,San Francisco,CA,94134,949000,2,2.5,San Francisco,1368,,2012,16,694,,Pre On-Market,,,http://www.redfin.com/CA/San-Francisco/117-Diamond-Cove-Ter-94134/home/45438563,Coming Soon,57226,N,Y,37.7130704,-122.3941746
Redfin Data,,Condo/Co-op,5301 Mission St #4,San Francisco,CA,94112,779000,2,2.0,San Francisco,1018,,2001,52,765,307,Pre On-Market,,,http://www.redfin.com/CA/San-Francisco/5301-Mission-St-94112/unit-4/home/1143563,Coming Soon,55204,N,Y,37.7143074,-122.4426364
MLS Listing,,Single Family Residential,1222 43rd Ave,San Francisco,CA,94122,949000,2,1.0,Outer Sunset,1075,3000,1924,1,883,,Active,,,http://www.redfin.com/CA/San-Francisco/1222-43rd-Ave-94122/home/1022114,San Francisco MLS,500548,N,Y,37.7638278,-122.5027416
MLS Listing,,Single Family Residential,1670 Newcomb Ave,San Francisco,CA,94124,850000,2,1.0,Bayview,1041,2495,1936,1,817,,Active,,,http://www.redfin.com/CA/San-Francisco/1670-Newcomb-Ave-94124/home/1293140,San Francisco MLS,500532,N,Y,37.7362275,-122.3909974
MLS Listing,,Condo/Co-op,10 South Park St #9,San Francisco,CA,94107,1399000,2,1.75,South Beach,1145,,1993,1,1222,792,Active,,,http://www.redfin.com/CA/San-Francisco/10-S-Park-St-94107/unit-9/home/12395981,San Francisco MLS,500541,N,Y,37.782357,-122.3935037
MLS Listing,,Vacant Land,7 Edgar Pl,SAN FRANCISCO,CA,94112,699000,,,SAN FRANCISCO,,4258,,1,,,Active,,,http://www.redfin.com/CA/San-Francisco/7-Edgar-Pl-94112/home/110066311,MLSListings,ML81798496,N,Y,37.7205952,-122.4524539
MLS Listing,,Condo/Co-op,401 Harrison St Unit 24G,San Francisco,CA,94105,1149000,1,1.0,South Beach,760,,2014,1,1512,1225,Active,,,http://www.redfin.com/CA/San-Francisco/401-Harrison-St-94105/unit-24G/home/144064233,San Francisco MLS,499571,N,Y,37.7864989,-122.3921487
MLS Listing,,Multi-Family (5+ Unit),888 Waller St,San Francisco,CA,94117,3750000,12,,Buena Vista Park,5820,2400,1900,1,644,,Active,,,http://www.redfin.com/CA/San-Francisco/888-Waller-St-94117/home/1853279,San Francisco MLS,500543,N,Y,37.7703816,-122.4383084
MLS Listing,,Condo/Co-op,197-199 Joost Ave #199,San Francisco,CA,94131,878000,2,1.0,Sunnyside,,,1908,1,,271,Active,,,http://www.redfin.com/CA/San-Francisco/197-Joost-Ave-94131/unit-199/home/102815504,San Francisco MLS,500539,N,Y,37.732239,-122.4394685
MLS Listing,,Condo/Co-op,451 Kansas St #573,San Francisco,CA,94107,889000,1,1.0,Potrero Hill,,,2007,1,,520,Active,,,http://www.redfin.com/CA/San-Francisco/451-Kansas-St-94107/unit-573/home/23424558,San Francisco MLS,499813,N,Y,37.764113,-122.4029865
MLS Listing,,Condo/Co-op,262 6th Ave,San Francisco,CA,94118,1895000,3,2.5,Inner Richmond,2045,,1905,1,927,230,Active,,,http://www.redfin.com/CA/San-Francisco/262-6th-Ave-94118/home/101329528,San Francisco MLS,500540,N,Y,37.7836653,-122.464249
MLS Listing,,Condo/Co-op,590 Lombard St,San Francisco,CA,94133,2195000,3,3.0,North Beach,,,1926,1,,,Active,,,http://www.redfin.com/CA/San-Francisco/590-Lombard-St-94133/unit-594/home/1356987,San Francisco MLS,500445,N,Y,37.8031941,-122.411154
MLS Listing,,Condo/Co-op,77 Dow Pl #102,San Francisco,CA,94107,1019000,1,1.5,Yerba Buena,1173,,2002,1,869,870,Active,,,http://www.redfin.com/CA/San-Francisco/77-Dow-Pl-94107/unit-102/home/1553688,San Francisco MLS,500292,N,Y,37.7841561,-122.3966189
MLS Listing,,Condo/Co-op,2448 Lombard St #310,San Francisco,CA,94123,1768000,2,2.0,Marina,1141,,2020,1,1550,683,Active,,,http://www.redfin.com/CA/San-Francisco/2448-Lombard-St-94123/unit-310/home/172275886,San Francisco MLS,500455,N,Y,37.7993307,-122.4420593
MLS Listing,,Condo/Co-op,2448 Lombard St #201,San Francisco,CA,94123,988000,1,1.0,Marina,733,,2020,1,1348,602,Active,,,http://www.redfin.com/CA/San-Francisco/2448-Lombard-St-94123/unit-201/home/172275774,San Francisco MLS,500457,N,Y,37.7993307,-122.4420593
MLS Listing,,Single Family Residential,1058-1060 Fulton St,San Francisco,CA,94117,4998000,7,5.0,Alamo Square,,3781,1911,1,,,Active,,,http://www.redfin.com/CA/San-Francisco/1058-Fulton-St-94117/home/172275674,San Francisco MLS,499655,N,Y,37.7775622,-122.4342179
MLS Listing,,Single Family Residential,906 Capitol Ave,San Francisco,CA,94112,828000,2,1.0,Ingleside,,1875,1922,1,,,Active,,,http://www.redfin.com/CA/San-Francisco/906-Capitol-Ave-94112/home/1990842,San Francisco MLS,500518,N,Y,37.718413,-122.459042
MLS Listing,,Condo/Co-op,3641 Webster,San Francisco,CA,94117,1895000,2,1.5,Marina,1605,,,1,1181,437,Active,,,http://www.redfin.com/CA/San-Francisco/3641-Webster-St-94123/home/854169,San Francisco MLS,500505,N,Y,37.804322,-122.435565
MLS Listing,,Condo/Co-op,232 Castro St #2,San Francisco,CA,94114,1875000,2,2.0,Duboce Triangle,1844,,1997,1,1017,583,Active,,,http://www.redfin.com/CA/San-Francisco/232-Castro-St-94114/unit-2/home/934301,San Francisco MLS,497238,N,Y,37.7651627,-122.4357522
MLS Listing,,Single Family Residential,308 Los Palmos Dr,San Francisco,CA,94127,1250000,2,1.0,Miraloma Park,,4408,1960,1,,,Active,,,http://www.redfin.com/CA/San-Francisco/308-Los-Palmos-Dr-94127/home/688784,San Francisco MLS,500420,N,Y,37.7359723,-122.4502996
MLS Listing,,Condo/Co-op,1462 Broadway,San Francisco,CA,94109,1195000,2,2.0,Nob Hill,1171,,1909,1,1020,572,Active,,,http://www.redfin.com/CA/San-Francisco/1462-Broadway-94109/home/12525455,San Francisco MLS,500434,N,Y,37.796168,-122.421171
MLS Listing,,Condo/Co-op,170 King St #601,San Francisco,CA,94107,1299999,2,2.0,South Beach,1005,,2007,1,1294,752,Active,,,http://www.redfin.com/CA/San-Francisco/170-King-St-94107/unit-601/home/17304767,San Francisco MLS,500506,N,Y,37.7789817,-122.3917515
MLS Listing,,Single Family Residential,1968 Greenwich St,San Francisco,CA,94123,3425000,3,2.5,Cow Hollow,2418,3437,1900,1,1416,200,Active,,,http://www.redfin.com/CA/San-Francisco/1968-Greenwich-St-94123/home/1483272,San Francisco MLS,499988,N,Y,37.799718,-122.432113
MLS Listing,,Condo/Co-op,1966 Greenwich St,San Francisco,CA,94123,1400000,2,1.5,Cow Hollow,1066,,1900,1,1313,100,Active,,,http://www.redfin.com/CA/San-Francisco/1966-Greenwich-St-94123/home/1870568,San Francisco MLS,500413,N,Y,37.7996649,-122.4321307
MLS Listing,,Single Family Residential,4330 19th St,San Francisco,CA,94114,2195000,3,1.5,Eureka Valley/Dolore,1845,,1906,1,1190,,Active,,,http://www.redfin.com/CA/San-Francisco/4330-19th-St-94114/unit-4330/home/2019058,San Francisco MLS,500467,N,Y,37.759306,-122.437727
MLS Listing,,Condo/Co-op,870 Harrison St #203,SAN FRANCISCO,CA,94107,688000,1,1.0,SAN FRANCISCO,531,,2015,1,1296,598,Active,,,http://www.redfin.com/CA/San-Francisco/870-Harrison-St-94107/unit-203/home/109315432,MLSListings,ML81798425,N,Y,37.7797425,-122.4013573
MLS Listing,,Condo/Co-op,950 Tennessee St #109,San Francisco,CA,94107,929000,1,1.0,Central Waterfront,777,,2020,1,1196,544,Active,,,http://www.redfin.com/CA/San-Francisco/950-Tennessee-St-94107/unit-109/home/170136449,San Francisco MLS,500500,N,Y,37.7596747,-122.3898245
MLS Listing,,Condo/Co-op,3953 24th St #1,San Francisco,CA,94114,799000,1,2.0,Noe Valley,813,,2004,1,983,625,Active,,,http://www.redfin.com/CA/San-Francisco/3953-24th-St-94114/unit-1/home/17305778,San Francisco MLS,500473,N,Y,37.7512478,-122.4307834
MLS Listing,,Condo/Co-op,710 Arguello Blvd,San Francisco,CA,94118,1445000,3,3.0,Lone Mountain,1375,,1919,1,1051,395,Active,,,http://www.redfin.com/CA/San-Francisco/710-Arguello-Blvd-94118/home/22044507,San Francisco MLS,499776,N,Y,37.7769035,-122.4583089
MLS Listing,,Single Family Residential,26 Maddux Ave,San Francisco,CA,94124,1400000,4,2.0,Silver Terrace,1860,1685,1941,1,753,,Active,,,http://www.redfin.com/CA/San-Francisco/26-Maddux-Ave-94124/home/1591343,San Francisco MLS,500295,N,Y,37.7348067,-122.3984875
MLS Listing,,Single Family Residential,2614 25th Ave,San Francisco,CA,94116,1149000,3,1.0,Parkside,1300,2375,1947,1,884,,Active,,,http://www.redfin.com/CA/San-Francisco/2614-25th-Ave-94116/home/1954605,San Francisco MLS,498702,N,Y,37.7387219,-122.481629
MLS Listing,,Multi-Family (2-4 Unit),969-971 Oak St,San Francisco,CA,94117,2150000,5,2.0,Hayes Valley,2227,3436,1900,1,965,,Active,,,http://www.redfin.com/CA/San-Francisco/969-Oak-St-94117/home/2003458,San Francisco MLS,499723,N,Y,37.7731313,-122.4351738
MLS Listing,,Townhouse,200 Dolores St #3,San Francisco,CA,94103,1749000,2,2.5,Mission Dolores,1441,,2014,1,1214,727,Active,,,http://www.redfin.com/CA/San-Francisco/200-Dolores-St-94103/unit-3/home/49749786,San Francisco MLS,500439,N,Y,37.7660572,-122.4269225
MLS Listing,,Condo/Co-op,55 Red Rock Way Unit 110O,San Francisco,CA,94131,489000,0,1.0,Diamond Heights,474,,1972,1,1032,491,Active,,,http://www.redfin.com/CA/San-Francisco/55-Red-Rock-Way-94131/unit-110O/home/1284154,San Francisco MLS,500321,N,Y,37.7459864,-122.4410176
MLS Listing,,Condo/Co-op,1298 Treat Ave,San Francisco,CA,94110,1249000,4,2.0,Inner Mission,1250,,1900,1,999,360,Active,,,http://www.redfin.com/CA/San-Francisco/1298-Treat-Ave-94110/home/12311600,San Francisco MLS,500245,N,Y,37.7493778,-122.4127122
MLS Listing,,Condo/Co-op,1440 Broadway #304,San Francisco,CA,94109,799000,1,1.0,Nob Hill,685,,1982,1,1166,677,Active,,,http://www.redfin.com/CA/San-Francisco/1440-Broadway-94109/unit-304/home/1987159,San Francisco MLS,500333,N,Y,37.7963851,-122.4207265
MLS Listing,,Condo/Co-op,1625 Lake St,San Francisco,CA,94121,1549000,2,2.0,Lake,1577,,1995,1,982,200,Active,,,http://www.redfin.com/CA/San-Francisco/1625-Lake-St-94121/home/1409734,San Francisco MLS,500228,N,Y,37.785911,-122.4771297
MLS Listing,,Condo/Co-op,1483 Oak St,San Francisco,CA,94117,1795000,3,2.5,Haight Ashbury,2584,,1900,1,695,250,Active,,,http://www.redfin.com/CA/San-Francisco/1483-Oak-St-94117/home/931828,San Francisco MLS,500427,N,Y,37.772086,-122.443644
MLS Listing,,Multi-Family (2-4 Unit),1029 Anza St,San Francisco,CA,94118,1495000,3,2.0,Inner Richmond,2300,1873,1905,1,650,,Active,,,http://www.redfin.com/CA/San-Francisco/1029-Anza-St-94118/home/1314624,San Francisco MLS,500356,N,Y,37.7791099,-122.4593516
MLS Listing,,Single Family Residential,32 Josiah Ave,San Francisco,CA,94112,799000,1,1.0,Ingleside,,2500,1900,1,,,Active,,,http://www.redfin.com/CA/San-Francisco/32-Josiah-Ave-94112/home/1449183,San Francisco MLS,500416,N,Y,37.7186265,-122.4529937
MLS Listing,,Multi-Family (2-4 Unit),2637 Baker St,San Francisco,CA,94123,2998000,9,2.0,Cow Hollow,5055,3044,1913,1,593,,Active,,,http://www.redfin.com/CA/San-Francisco/2637-Baker-St-94123/unit-2643/home/585161,San Francisco MLS,500483,N,Y,37.7953907,-122.4456377
MLS Listing,,Condo/Co-op,435 China Basin St #521,SAN FRANCISCO,CA,94158,1550000,2,2.0,SAN FRANCISCO,1259,,2012,1,1231,783,Active,,,http://www.redfin.com/CA/San-Francisco/435-China-Basin-St-94158/unit-521/home/40629328,MLSListings,ML81798366,N,Y,37.7715936,-122.3885893
MLS Listing,,Condo/Co-op,2172 Pine St #2,San Francisco,CA,94115,1249000,1,1.0,Lower Pacific Height,1201,,1875,1,1040,330,Active,,,http://www.redfin.com/CA/San-Francisco/2172-Pine-St-94115/unit-2/home/25707640,San Francisco MLS,500449,N,Y,37.7885051,-122.4315366
MLS Listing,,Multi-Family (5+ Unit),500-504 8th Ave,San Francisco,CA,94118,2868000,6,,Inner Richmond,5015,2060,1907,1,572,,Active,,,http://www.redfin.com/CA/San-Francisco/500-8th-Ave-94118/home/172271731,San Francisco MLS,500475,N,Y,37.7788932,-122.4661732
MLS Listing,,Condo/Co-op,188 Minna St Unit 32D,San Francisco,CA,94105,3849000,2,2.5,Yerba Buena,1792,,2005,1,2148,2744,Active,,,http://www.redfin.com/CA/San-Francisco/188-Minna-St-94105/unit-32D/home/22885456,San Francisco MLS,499875,N,Y,37.7861462,-122.4013007
MLS Listing,,Condo/Co-op,494 Filbert St,San Francisco,CA,94133,1295000,2,1.0,Telegraph Hill,981,,1939,1,1320,120,Active,,,http://www.redfin.com/CA/San-Francisco/494-Filbert-St-94133/home/1951842,San Francisco MLS,499919,N,Y,37.8017553,-122.4077021
MLS Listing,,Single Family Residential,421 Point Lobos Ave,San Francisco,CA,94121,1395000,2,2.0,Outer Richmond,1443,2571,1941,1,967,,Active,,,http://www.redfin.com/CA/San-Francisco/421-Point-Lobos-Ave-94121/home/892739,San Francisco MLS,500392,N,Y,37.7796376,-122.5077261
MLS Listing,,Condo/Co-op,355 Bryant St #104,San Francisco,CA,94107,2495000,2,2.0,South Beach,2206,,1917,1,1131,950,Active,,,http://www.redfin.com/CA/San-Francisco/355-Bryant-St-94107/unit-104/home/12395966,San Francisco MLS,500424,N,Y,37.7835506,-122.3924215
MLS Listing,,Single Family Residential,530 Crescent Ave,San Francisco,CA,94110,1179000,2,1.0,Bernal Heights,1125,1751,1938,1,1048,,Active,,,http://www.redfin.com/CA/San-Francisco/530-Crescent-Ave-94110/home/1695946,San Francisco MLS,499722,N,Y,37.7347192,-122.415745
MLS Listing,,Condo/Co-op,1410 Shrader St,San Francisco,CA,94117,1645000,2,1.5,Parnassus/Ashbury Heights,1607,,1916,1,1024,170,Active,,,http://www.redfin.com/CA/San-Francisco/1410-Shrader-St-94117/home/602844,San Francisco MLS,500185,N,Y,37.762191,-122.450426
MLS Listing,,Condo/Co-op,400 Beale St #506,San Francisco,CA,94105,1049000,2,1.0,South Beach,1038,,2002,1,1011,,Active,,,http://www.redfin.com/CA/San-Francisco/400-Beale-St-94105/unit-506/home/1207461,San Francisco MLS,499620,N,Y,37.7869049,-122.3909202
MLS Listing,,Condo/Co-op,1788 Clay St #304,San Francisco,CA,94109,1350000,2,2.0,Nob Hill,975,,2014,1,1385,723,Active,,,http://www.redfin.com/CA/San-Francisco/1788-Clay-St-94109/unit-304/home/110051413,San Francisco MLS,500428,N,Y,37.7925699,-122.4222498
MLS Listing,,Condo/Co-op,178 Randall St,San Francisco,CA,94131,1695000,2,2.5,Glen Park,1465,,2008,1,1157,392,Active,,,http://www.redfin.com/CA/San-Francisco/178-Randall-St-94131/home/28938920,San Francisco MLS,499963,N,Y,37.7398549,-122.4274019
MLS Listing,,Condo/Co-op,250 King St #952,San Francisco,CA,94107,2399000,3,3.0,Mission Bay,2450,,2004,1,979,1812,Active,,,http://www.redfin.com/CA/San-Francisco/250-King-St-94107/unit-952/home/22889829,San Francisco MLS,499439,N,Y,37.7776422,-122.3934181
MLS Listing,,Condo/Co-op,1895 Pacific Ave #104,San Francisco,CA,94109,599000,0,1.0,Pacific Heights,512,,1931,1,1170,440,Active,,,http://www.redfin.com/CA/San-Francisco/1895-Pacific-Ave-94109/unit-104/home/568156,San Francisco MLS,500110,N,Y,37.7941676,-122.4262431
MLS Listing,,Single Family Residential,710 Laguna Honda Blvd,SAN FRANCISCO,CA,94127,1199000,3,1.0,SAN FRANCISCO,1471,3197,1927,1,815,,Active,,,http://www.redfin.com/CA/San-Francisco/710-Laguna-Honda-Blvd-94127/home/686361,MLSListings,ML81798252,N,Y,37.7445699,-122.4570518
MLS Listing,,Single Family Residential,58507 Dowville West,Huntington Lake,CA,93634,119000,1,1.0,Huntington Lake,608,,,1,196,49,Active,,,http://www.redfin.com/CA/Unknown/58507-Dowville-W-93634/home/172268809,FRESNOMLS,543719,N,Y,37.782381,-122.41655
MLS Listing,,Single Family Residential,52 Santa Marina St,San Francisco,CA,94110,1645000,3,2.0,Bernal Heights,1601,2495,1909,1,1027,,Active,,,http://www.redfin.com/CA/San-Francisco/52-Santa-Marina-St-94110/home/1439449,San Francisco MLS,499601,N,Y,37.739964,-122.422037
MLS Listing,,Condo/Co-op,2031 Hayes St,San Francisco,CA,94117,1935000,3,2.5,San Francisco County,1670,,1910,1,1159,,Active,,,http://www.redfin.com/CA/San-Francisco/2031-Hayes-St-94117/home/597408,BAREIS,22012729,N,Y,37.773357085,-122.4499369
MLS Listing,,Single Family Residential,81 Pinehurst Way,San Francisco,CA,94127,1849000,4,3.0,Mount Davidson Manor,2468,2914,1928,1,749,,Active,,,http://www.redfin.com/CA/San-Francisco/81-Pinehurst-Way-94127/home/1247019,San Francisco MLS,499228,N,Y,37.728052,-122.4652006
MLS Listing,,Single Family Residential,2 Lake Forest Ct,San Francisco,CA,94131,1495000,3,2.0,Forest Knolls,1408,3084,1961,1,1062,,Active,,,http://www.redfin.com/CA/San-Francisco/2-Lake-Forest-Ct-94131/home/1421312,San Francisco MLS,499736,N,Y,37.7545778,-122.460004
MLS Listing,,Condo/Co-op,1080 Chestnut St Unit 11B,San Francisco,CA,94109,3395000,3,2.5,Russian Hill,2105,,1962,1,1613,3122,Active,,,http://www.redfin.com/CA/San-Francisco/1080-Chestnut-St-94109/unit-11B/home/12399695,San Francisco MLS,500401,N,Y,37.803057,-122.4210212
MLS Listing,,Condo/Co-op,49 Zoe St #6,San Francisco,CA,94107,879000,1,1.5,South Beach,987,,1997,1,891,550,Active,,,http://www.redfin.com/CA/San-Francisco/49-Zoe-St-94107/unit-6/home/12396378,San Francisco MLS,499333,N,Y,37.7800761,-122.3960123
MLS Listing,,Single Family Residential,537 Magellan Ave,San Francisco,CA,94116,2275000,5,3.5,Forest Hill,2944,3889,1920,1,773,,Active,,,http://www.redfin.com/CA/San-Francisco/537-Magellan-Ave-94116/home/983064,San Francisco MLS,500029,N,Y,37.7440274,-122.4669143
MLS Listing,,Condo/Co-op,436-440 Scott St #438,San Francisco,CA,94117,1549000,3,2.5,Hayes Valley,1354,,1895,1,1144,350,Active,,,http://www.redfin.com/CA/San-Francisco/436-Scott-St-94117/unit-438/home/172267339,San Francisco MLS,497851,N,Y,37.7738902,-122.4355022
MLS Listing,,Condo/Co-op,1300 22nd St #107,San Francisco,CA,94107,795000,1,1.0,Potrero Hill,565,,2016,1,1407,568,Active,,,http://www.redfin.com/CA/San-Francisco/1300-22nd-St-94107/unit-107/home/131989599,San Francisco MLS,500422,N,Y,37.7578379,-122.3944714
MLS Listing,,Condo/Co-op,200 Brannan St #234,San Francisco,CA,94107,1995000,2,2.0,South Beach,1892,,2004,1,1054,910,Active,,,http://www.redfin.com/CA/San-Francisco/200-Brannan-St-94107/unit-234/home/1857868,San Francisco MLS,500092,N,Y,37.7836002,-122.3907074
MLS Listing,,Condo/Co-op,1776 Sacramento St #708,San Francisco,CA,94109,1498000,3,2.0,Nob Hill,1526,,1992,1,982,890,Active,,,http://www.redfin.com/CA/San-Francisco/1776-Sacramento-St-94109/unit-708/home/1514649,San Francisco MLS,500288,N,Y,37.7916183,-122.4220982
MLS Listing,,Condo/Co-op,338 Spear St Unit 16G,San Francisco,CA,94105,999000,1,1.0,South Beach,807,,2009,1,1238,891,Active,,,http://www.redfin.com/CA/San-Francisco/338-Spear-St-94105/unit-16G/home/23424170,San Francisco MLS,499959,N,Y,37.7894137,-122.3906433
MLS Listing,,Multi-Family (2-4 Unit),237 San Jose Ave,San Francisco,CA,94110,2800000,11,4.5,Noe Valley,4800,2247,1904,1,583,,Active,,,http://www.redfin.com/CA/San-Francisco/237-San-Jose-Ave-94110/home/1409574,San Francisco MLS,500389,N,Y,37.7514387,-122.4212597
MLS Listing,,Multi-Family (2-4 Unit),170 Pfeiffer St,San Francisco,CA,94133,5400000,6,4.5,Telegraph Hill,,1799,,1,,,Active,,,http://www.redfin.com/CA/San-Francisco/170-Pfeiffer-St-94133/home/2009792,San Francisco MLS,500188,N,Y,37.8048306,-122.4096277
MLS Listing,,Condo/Co-op,301 Main St Unit 7C,San Francisco,CA,94105,2099000,3,2.5,South Beach,1752,,2008,1,1198,1059,Active,,,http://www.redfin.com/CA/San-Francisco/301-Main-St-94105/unit-7C/home/21966973,San Francisco MLS,500365,N,Y,37.7895974,-122.3911965
MLS Listing,,Condo/Co-op,72 Townsend St #401,San Francisco,CA,94107,1029000,1,1.0,South Beach,788,,2015,1,1306,792,Active,,,http://www.redfin.com/CA/San-Francisco/72-Townsend-St-94107/unit-401/home/103689000,San Francisco MLS,500364,N,Y,37.781388,-122.3903525
MLS Listing,,Townhouse,232 Friedell St,San Francisco,CA,94124,799999,2,2.0,Hunters Point,,,2016,1,,271,Active,,,http://www.redfin.com/CA/San-Francisco/232-Friedell-St-94124/home/109315474,San Francisco MLS,499383,N,Y,37.728432,-122.3701131
MLS Listing,,Condo/Co-op,439 Greenwich St #9,San Francisco,CA,94133,750000,1,1.0,Telegraph Hill,535,,1979,1,1402,525,Active,,,http://www.redfin.com/CA/San-Francisco/439-Greenwich-St-94133/unit-9/home/1400606,San Francisco MLS,500355,N,Y,37.8023778,-122.4070114
MLS Listing,,Condo/Co-op,456 Carl St,San Francisco,CA,94117,1199000,3,2.0,Parnassus/Ashbury Heights,1271,,1990,1,943,485,Active,,,http://www.redfin.com/CA/San-Francisco/456-Carl-St-94117/home/902810,San Francisco MLS,500260,N,Y,37.765018,-122.4569962
MLS Listing,,Townhouse,77 Dow Pl #711,San Francisco,CA,94107,1025000,1,1.5,Yerba Buena,1293,,2002,1,793,896,Active,,,http://www.redfin.com/CA/San-Francisco/77-Dow-Pl-94107/unit-711/home/2035196,San Francisco MLS,500141,N,Y,37.7841561,-122.3966189
MLS Listing,,Condo/Co-op,2100 Green St #704,San Francisco,CA,94123,3495000,2,2.0,Pacific Heights,1866,,1928,1,1873,1618,Active,,,http://www.redfin.com/CA/San-Francisco/2100-Green-St-94123/unit-704/home/12400997,San Francisco MLS,498864,N,Y,37.7965894,-122.4339807
MLS Listing,,Single Family Residential,124 Miguel St,San Francisco,CA,94131,1395000,2,2.0,Glen Park,1550,1295,1903,1,900,,Active,,,http://www.redfin.com/CA/San-Francisco/124-Miguel-St-94131/home/806913,San Francisco MLS,500219,N,Y,37.7379423,-122.4286419
MLS Listing,,Single Family Residential,627 16th Ave,San Francisco,CA,94118,1350000,3,1.0,Central Richmond,2076,2996,1918,1,650,,Active,,,http://www.redfin.com/CA/San-Francisco/627-16th-Ave-94118/home/619469,San Francisco MLS,500203,N,Y,37.776172,-122.475109
MLS Listing,,Single Family Residential,3467 Pacific Ave,San Francisco,CA,94118,8950000,6,6.0,Presidio Heights,5625,4689,1909,1,1591,,Active,,,http://www.redfin.com/CA/San-Francisco/3467-Pacific-Ave-94118/home/1451806,San Francisco MLS,499916,N,Y,37.7908948,-122.4520759
MLS Listing,,Single Family Residential,109 Joost Ave,San Francisco,CA,94131,1028000,2,1.0,Sunnyside,903,1245,1923,1,1138,,Active,,,http://www.redfin.com/CA/San-Francisco/109-Joost-Ave-94131/home/1713076,San Francisco MLS,499362,N,Y,37.7322456,-122.4378105
MLS Listing,,Condo/Co-op,555 4th St #913,San Francisco,CA,94107,1288000,2,2.0,South Beach,907,,2006,1,1420,664,Active,,,http://www.redfin.com/CA/San-Francisco/555-4th-St-94107/unit-913/home/22043839,San Francisco MLS,500408,N,Y,37.7794218,-122.3967124
MLS Listing,,Condo/Co-op,99 Rausch St #320,San Francisco,CA,94103,659000,0,1.0,South of Market,,,2017,1,,515,Active,,,http://www.redfin.com/CA/San-Francisco/99-Rausch-St-94103/unit-320/home/145368141,San Francisco MLS,500222,N,Y,37.7762348,-122.4090223
MLS Listing,,Condo/Co-op,52 Innes Ct #203,San Francisco,CA,94124,649888,1,1.0,Hunters Point,670,,2017,2,970,460,Active,,,http://www.redfin.com/CA/San-Francisco/52-Innes-Ct-94124/unit-203/home/160918376,San Francisco MLS,500421,N,Y,37.7276224,-122.3674287
MLS Listing,,Condo/Co-op,175 Red Rock Way Unit 207K,San Francisco,CA,94131,529000,0,1.0,Diamond Heights,592,,1972,2,894,492,Active,,,http://www.redfin.com/CA/San-Francisco/175-Red-Rock-Way-94131/unit-207K/home/1850850,San Francisco MLS,499136,N,Y,37.745807,-122.442069
MLS Listing,,Condo/Co-op,1047 Mississippi St #9,San Francisco,CA,94107,949000,1,1.5,Potrero Hill,1385,,2001,2,685,526,Active,,,http://www.redfin.com/CA/San-Francisco/1047-Mississippi-St-94107/unit-9/home/12398108,San Francisco MLS,499130,N,Y,37.7531638,-122.3933731
MLS Listing,,Single Family Residential,320 Ocean Ave,San Francisco,CA,94112-2532,1498888,5,3.0,Mission Terrace,2432,3824,1931,2,616,,Active,,,http://www.redfin.com/CA/San-Francisco/320-Ocean-Ave-94112/home/700844,"bridgeMLS, Bay East AOR, or Contra Costa AOR",40909796,N,Y,37.7232378,-122.4436053
MLS Listing,,Single Family Residential,715 Foerster St,San Francisco,CA,94127,1735000,4,2.5,Miraloma Park,1909,3354,1960,2,909,25,Active,,,http://www.redfin.com/CA/San-Francisco/715-Foerster-St-94127/home/1993195,San Francisco MLS,500057,N,Y,37.734141,-122.449219
MLS Listing,,Condo/Co-op,501 Crescent Way #5107,San Francisco,CA,94134,728000,2,2.0,Candlestick Point,1095,,2006,2,665,540,Active,,,http://www.redfin.com/CA/San-Francisco/501-Crescent-Way-94134/unit-5107/home/22854829,San Francisco MLS,500399,N,Y,37.7119288,-122.3886055
MLS Listing,,Condo/Co-op,875 Indiana St #324,San Francisco,CA,94107,975000,1,1.5,Central Waterfront,852,,2009,2,1144,523,Active,,,http://www.redfin.com/CA/San-Francisco/875-Indiana-St-94107/unit-324/home/40139028,San Francisco MLS,500400,N,Y,37.7596716,-122.3908629
MLS Listing,,Single Family Residential,,San Francisco,CA,94124,925000,3,1.0,Bayview,1155,2500,1961,2,801,,Active,,,http://www.redfin.com/CA/San-Francisco/Undisclosed-address-94124/home/1646377,"bridgeMLS, Bay East AOR, or Contra Costa AOR",40909769,N,Y,37.7315866,-122.3860899
MLS Listing,,Single Family Residential,1710 Diamond St,San Francisco,CA,94131,4498800,4,3.5,Noe Valley,3645,2027,2014,2,1234,,Active,,,http://www.redfin.com/CA/San-Francisco/1710-Diamond-St-94131/home/69371543,San Francisco MLS,499638,N,Y,37.7438471,-122.4358179
MLS Listing,,Condo/Co-op,235 Berry St #201,San Francisco,CA,94158,899000,1,1.0,Mission Bay,840,,2007,2,1070,689,Active,,,http://www.redfin.com/CA/San-Francisco/235-Berry-St-94158/unit-201/home/12402623,San Francisco MLS,500221,N,Y,37.774703,-122.3940893
MLS Listing,,Single Family Residential,1 Byron Ct,San Francisco,CA,94112,1388000,4,3.0,Crocker Amazon,2003,3309,1978,2,693,,Active,,,http://www.redfin.com/CA/San-Francisco/1-Byron-Ct-94112/home/1257146,San Francisco MLS,500306,N,Y,37.7096358,-122.4433842
MLS Listing,,Single Family Residential,439 E Princeton St,San Francisco,CA,94134,999000,4,2.5,Portola,1306,2996,1949,2,765,,Active,,,http://www.redfin.com/CA/San-Francisco/439-Princeton-St-94134/home/776491,San Francisco MLS,499846,N,Y,37.7243406,-122.4140636
MLS Listing,,Condo/Co-op,3731 Fillmore St #6,San Francisco,CA,94123,995000,1,1.0,Marina,792,,1928,2,1256,430,Active,,,http://www.redfin.com/CA/San-Francisco/3731-Fillmore-St-94123/unit-6/home/109464689,San Francisco MLS,500256,N,Y,37.8049149,-122.4375445
MLS Listing,,Single Family Residential,4118 20th St,San Francisco,CA,94114,3350000,4,3.5,Eureka Valley/Dolore,2287,2450,1905,2,1465,,Active,,,http://www.redfin.com/CA/San-Francisco/4118-20th-St-94114/home/1686850,San Francisco MLS,500053,N,Y,37.7579691,-122.4329885
MLS Listing,,Single Family Residential,532 Lyon St,San Francisco,CA,94117,4695000,5,4.5,North Panhandle,3919,3044,1904,2,1198,,Active,,,http://www.redfin.com/CA/San-Francisco/532-Lyon-St-94117/home/1452126,San Francisco MLS,498946,N,Y,37.7758013,-122.4427128
MLS Listing,,Condo/Co-op,1140 Page St,San Francisco,CA,94117,2289000,3,2.0,Haight Ashbury,1850,,2012,2,1237,510,Active,,,http://www.redfin.com/CA/San-Francisco/1140-Page-St-94117/home/40441042,San Francisco MLS,500264,N,Y,37.7721199,-122.4395674
MLS Listing,,Condo/Co-op,750 Lake St,San Francisco,CA,94118,1895000,2,2.0,Lake,,,,2,,,Active,,,http://www.redfin.com/CA/San-Francisco/750-Lake-St-94118/home/166703328,San Francisco MLS,499822,N,Y,37.7867156,-122.4677246
MLS Listing,,Single Family Residential,137 Ashton Ave,San Francisco,CA,94112,1595000,3,2.5,Merced Heights,1605,2151,1924,2,994,,Active,,,http://www.redfin.com/CA/San-Francisco/137-Ashton-Ave-94132/home/1822318,San Francisco MLS,500354,N,Y,37.7207164,-122.4624475
MLS Listing,,Condo/Co-op,1832 Page St #2,San Francisco,CA,94117,995000,2,2.0,Haight Ashbury,990,,1900,2,1005,409,Active,,,http://www.redfin.com/CA/San-Francisco/1832-Page-St-94117/unit-2/home/18997742,San Francisco MLS,500267,N,Y,37.7706724,-122.4510696
MLS Listing,,Condo/Co-op,3395 Market St,San Francisco,CA,94114,825000,1,1.0,Eureka Valley/Dolore,742,,1906,2,1112,396,Active,,,http://www.redfin.com/CA/San-Francisco/3395-Market-St-94114/home/28890366,San Francisco MLS,500230,N,Y,37.7579936,-122.4430826
MLS Listing,,Single Family Residential,1089 Clayton St,San Francisco,CA,94117,2190000,3,2.0,Buena Vista Park,1615,2250,1941,2,1356,,Active,,,http://www.redfin.com/CA/San-Francisco/1089-Clayton-St-94117/home/902815,San Francisco MLS,500017,N,Y,37.7627947,-122.4471883
MLS Listing,,Condo/Co-op,1 Hawthorne St Unit 6J,San Francisco,CA,94105,1395000,2,2.0,Yerba Buena,1247,,2010,3,1119,1269,Active,,,http://www.redfin.com/CA/San-Francisco/1-Hawthorne-St-94105/unit-6J/home/40138914,San Francisco MLS,499483,N,Y,37.7857356,-122.3989521
MLS Listing,,Single Family Residential,326 Brunswick St,San Francisco,CA,94112,1498000,4,3.0,Crocker Amazon,,,1942,3,,,Active,,,http://www.redfin.com/CA/San-Francisco/326-Brunswick-St-94112/home/1599086,San Francisco MLS,499945,N,Y,37.7112595,-122.4416479
MLS Listing,,Single Family Residential,40 Hanover St,SAN FRANCISCO,CA,94112,998000,2,1.0,SAN FRANCISCO,818,1799,1946,3,1220,,Active,,,http://www.redfin.com/CA/San-Francisco/40-Hanover-St-94112/home/796443,MLSListings,ML81797984,N,Y,37.7101765,-122.440283
MLS Listing,,Condo/Co-op,471 Jersey St,San Francisco,CA,94114,1779000,3,1.5,Noe Valley,1555,,1923,3,1144,400,Active,,,http://www.redfin.com/CA/San-Francisco/471-Jersey-St-94114/home/17304594,San Francisco MLS,499001,N,Y,37.7501559,-122.435556
MLS Listing,,Townhouse,1736 A 20th Ave,San Francisco,CA,94122,1450000,3,3.0,Central Sunset,2225,,2001,3,652,270,Active,,,http://www.redfin.com/CA/San-Francisco/1736A-20th-Ave-94122/home/110028851,San Francisco MLS,499602,N,Y,37.755423,-122.477333
MLS Listing,,Multi-Family (2-4 Unit),243-245 Corbett Ave,San Francisco,CA,94114,1998000,4,4.0,Corona Heights,2868,1812,1975,3,697,,Active,,,http://www.redfin.com/CA/San-Francisco/243-Corbett-Ave-94114/home/1164766,San Francisco MLS,500148,N,Y,37.7612334,-122.4436419
MLS Listing,,Condo/Co-op,2049 Ellis St,San Francisco,CA,94115,1595000,3,2.0,Anza Vista,2001,,1902,3,797,305,Active,,,http://www.redfin.com/CA/San-Francisco/2049-Ellis-St-94115/home/1400248,San Francisco MLS,500174,N,Y,37.7811329,-122.439895
MLS Listing,,Multi-Family (2-4 Unit),5139-5141 Geary Blvd,San Francisco,CA,94118,1995000,4,4.5,Central Richmond,3180,1873,1921,3,627,,Active,,,http://www.redfin.com/CA/San-Francisco/5139-Geary-Blvd-94118/home/172247521,San Francisco MLS,500339,N,Y,37.7802735,-122.4746988
MLS Listing,,Single Family Residential,27 Starview Way,San Francisco,CA,94131,1395000,2,1.0,Midtown Terrace,1062,3593,1956,3,1314,,Active,,,http://www.redfin.com/CA/San-Francisco/27-Starview-Way-94131/home/1873401,San Francisco MLS,500237,N,Y,37.7500012,-122.4517442
MLS Listing,,Condo/Co-op,446 Collingwood St,San Francisco,CA,94114,1995000,3,2.0,Eureka Valley/Dolore,1570,,1968,3,1271,117,Active,,,http://www.redfin.com/CA/San-Francisco/446-Collingwood-St-94114/home/40628890,San Francisco MLS,500316,N,Y,37.7552395,-122.4358996
MLS Listing,,Single Family Residential,1374 46th Ave,San Francisco,CA,94122,1098000,8,3.0,Outer Sunset,2204,2996,1915,3,498,,Active,,,http://www.redfin.com/CA/San-Francisco/1374-46th-Ave-94122/home/1969611,San Francisco MLS,500325,N,Y,37.7609266,-122.5057497
MLS Listing,,Single Family Residential,649 28th St,San Francisco,CA,94131,1700000,2,1.0,Noe Valley,1138,2905,1941,3,1494,,Active,,,http://www.redfin.com/CA/San-Francisco/649-28th-St-94131/home/1473041,San Francisco MLS,500268,N,Y,37.7445324,-122.4367649
MLS Listing,,Condo/Co-op,1177 California St #1703,San Francisco,CA,94108,638000,0,1.0,Nob Hill,411,,1978,3,1552,932,Active,,,http://www.redfin.com/CA/San-Francisco/1177-California-St-94108/unit-1703/home/1514246,San Francisco MLS,500180,N,Y,37.7910262,-122.4136476
MLS Listing,,Condo/Co-op,1000 3rd St #303,San Francisco,CA,94158,1825000,2,2.0,Mission Bay,1234,,2018,3,1479,928,Active,,,http://www.redfin.com/CA/San-Francisco/1000-3rd-St-94158/unit-303/home/145279397,San Francisco MLS,500324,N,Y,37.7752125,-122.3902276
MLS Listing,,Single Family Residential,133 Cresta Vista Dr,San Francisco,CA,94127,1898000,4,3.0,Westwood Highlands,2400,2600,1988,3,791,,Active,,,http://www.redfin.com/CA/San-Francisco/133-Cresta-Vista-Dr-94127/home/1840783,San Francisco MLS,499411,N,Y,37.735655,-122.4567422
MLS Listing,,Multi-Family (2-4 Unit),337-339 Monterey Blvd,San Francisco,CA,94131,1595000,3,2.0,Sunnyside,2602,2809,2016,3,613,,Active,,,http://www.redfin.com/CA/San-Francisco/337-Monterey-Blvd-94131/home/1486645,San Francisco MLS,500235,N,Y,37.7312751,-122.4429435
MLS Listing,,Townhouse,1338 Filbert St,San Francisco,CA,94109,3998000,3,3.5,Russian Hill,2751,,1906,3,1453,985,Active,,,http://www.redfin.com/CA/San-Francisco/1338-Filbert-St-94109/unit-2/home/170561064,San Francisco MLS,497545,N,Y,37.800098,-122.4215386
MLS Listing,,Condo/Co-op,11 High St #203,San Francisco,CA,94114,1398000,2,2.0,Noe Valley,1208,,1980,3,1157,450,Active,,,http://www.redfin.com/CA/San-Francisco/11-High-St-94114/unit-203/home/1834419,San Francisco MLS,500179,N,Y,37.7488223,-122.4432005
MLS Listing,,Single Family Residential,579 Moscow St,San Francisco,CA,94112,1285000,5,3.0,Excelsior,2090,2495,,3,615,,Active,,,http://www.redfin.com/CA/San-Francisco/579-Moscow-St-94112/home/779752,San Francisco MLS,500298,N,Y,37.7183955,-122.4295268
MLS Listing,,Multi-Family (5+ Unit),4740 Balboa St,San Francisco,CA,94121,11000000,6,,Outer Richmond,15659,5009,1928,3,702,,Active,,,http://www.redfin.com/CA/San-Francisco/4740-Balboa-St-94121/home/621131,San Francisco MLS,500302,N,Y,37.775393,-122.509784
MLS Listing,,Condo/Co-op,445 Francisco St Unit F601,San Francisco,CA,94133,2198000,2,2.0,North Beach,1311,,2001,3,1677,,Active,,,http://www.redfin.com/CA/San-Francisco/445-Francisco-St-94133/unit-F601/home/170557589,San Francisco MLS,499567,N,Y,37.8046669,-122.4126295
MLS Listing,,Multi-Family (5+ Unit),3830 19th St,San Francisco,CA,94114,2800000,6,,Eureka Valley/Dolore,4740,2850,1913,3,591,,Active,,,http://www.redfin.com/CA/San-Francisco/3830-19th-St-94114/home/965080,San Francisco MLS,500252,N,Y,37.7598626,-122.4290725
MLS Listing,,Condo/Co-op,1244 12th Ave,San Francisco,CA,94122,1275000,3,1.5,Inner Sunset,1249,,1905,3,1021,200,Active,,,http://www.redfin.com/CA/San-Francisco/1244-12th-Ave-94122/home/1258640,San Francisco MLS,500289,N,Y,37.7649479,-122.469266
MLS Listing,,Single Family Residential,198 Bradford St,San Francisco,CA,94110,1498000,4,2.0,Bernal Heights,1940,1912,,3,772,,Active,,,http://www.redfin.com/CA/San-Francisco/198-Bradford-St-94110/home/1583554,San Francisco MLS,497321,N,Y,37.7398866,-122.4098379
MLS Listing,,Multi-Family (2-4 Unit),635-637 Baker St,San Francisco,CA,94117,2775000,8,5.0,North Panhandle,4200,2422,1900,3,661,,Active,,,http://www.redfin.com/CA/San-Francisco/635-Baker-St-94117/home/1724096,San Francisco MLS,499106,N,Y,37.7770339,-122.4419544
MLS Listing,,Condo/Co-op,875 Indiana St #326,SAN FRANCISCO,CA,94107,989000,1,1.5,SAN FRANCISCO,855,,2009,4,1157,524,Active,,,http://www.redfin.com/CA/San-Francisco/875-Indiana-St-94107/unit-326/home/40139032,MLSListings,ML81797826,N,Y,37.7596716,-122.3908629
MLS Listing,,Condo/Co-op,333 Beale St Unit 4C,San Francisco,CA,94105,1228000,1,1.5,South Beach,916,,2015,4,1341,1134,Active,,,http://www.redfin.com/CA/San-Francisco/333-Beale-St-94105/unit-4C/home/110052556,San Francisco MLS,500178,N,Y,37.7884937,-122.3918797
MLS Listing,,Single Family Residential,240 Chenery St,San Francisco,CA,94131,4500000,4,4.5,Glen Park,3650,,1908,4,1233,,Active,,,http://www.redfin.com/CA/San-Francisco/240-Chenery-St-94131/unit-240A/home/1520336,San Francisco MLS,500277,N,Y,37.7384164,-122.4267064
MLS Listing,,Condo/Co-op,1755 Jackson St #406,San Francisco,CA,94109,2250000,3,3.0,Pacific Heights,1906,,1923,4,1180,750,Active,,,http://www.redfin.com/CA/San-Francisco/1755-Jackson-St-94109/unit-406/home/891260,San Francisco MLS,498063,N,Y,37.7935378,-122.4240021
MLS Listing,,Multi-Family (5+ Unit),402 Duboce Ave,San Francisco,CA,94117,6350000,17,,Duboce Triangle,9399,3454,1908,4,676,,Active,,,http://www.redfin.com/CA/San-Francisco/402-Duboce-Ave-94117/home/1937380,San Francisco MLS,500234,N,Y,37.7695951,-122.4301556
MLS Listing,,Condo/Co-op,81 Lansing St #410,San Francisco,CA,94105,949000,1,1.0,South Beach,855,,1995,4,1110,743,Active,,,http://www.redfin.com/CA/San-Francisco/81-Lansing-St-94105/unit-410/home/1687074,San Francisco MLS,496524,N,Y,37.7856392,-122.3940066
MLS Listing,,Multi-Family (2-4 Unit),729-733 Vallejo St,San Francisco,CA,94133,1299000,6,2.0,North Beach,3660,1516,1906,4,355,,Active,,,http://www.redfin.com/CA/San-Francisco/729-Vallejo-St-94133/home/160419559,San Francisco MLS,500258,N,Y,37.7983197,-122.4093184
MLS Listing,,Townhouse,2001 McAllister St #254,San Francisco,CA,94118,1450000,2,2.5,North Panhandle,1407,,2002,4,1031,931,Active,,,http://www.redfin.com/CA/San-Francisco/2001-McAllister-St-94118/unit-254/home/12399637,San Francisco MLS,500243,N,Y,37.7763812,-122.4456902
MLS Listing,,Single Family Residential,4073-4075 17th St,San Francisco,CA,94114,2795000,3,3.0,Corona Heights,2336,2853,1907,4,1196,,Active,,,http://www.redfin.com/CA/San-Francisco/4073-17th-St-94114/home/1446177,San Francisco MLS,500249,N,Y,37.7622875,-122.4367055
MLS Listing,,Single Family Residential,3020 Scott St,San Francisco,CA,94123,3980000,3,3.5,Cow Hollow,2400,1716,1900,4,1658,,Active,,,http://www.redfin.com/CA/San-Francisco/3020-Scott-St-94123/home/1331252,San Francisco MLS,500137,N,Y,37.7980388,-122.4405642
MLS Listing,,Condo/Co-op,338 Main St Unit 35D,San Francisco,CA,94105,1498000,1,1.0,South Beach,963,,2016,4,1556,1143,Active,,,http://www.redfin.com/CA/San-Francisco/338-Main-St-94105/unit-35D/home/110052510,San Francisco MLS,498590,N,Y,37.7886733,-122.3914178
MLS Listing,,Multi-Family (5+ Unit),674-678 Haight St,San Francisco,CA,94117,3100000,9,,Hayes Valley,5655,2750,1890,4,548,,Active,,,http://www.redfin.com/CA/San-Francisco/674-Haight-St-94117/home/941484,San Francisco MLS,500224,N,Y,37.7719836,-122.4333667
MLS Listing,,Condo/Co-op,2200 Sacramento St #1305,San Francisco,CA,94115,2050000,1,2.0,Pacific Heights,,,1964,4,,682,Active,,,http://www.redfin.com/CA/San-Francisco/2200-Sacramento-St-94115/unit-1305/home/1771109,San Francisco MLS,499976,N,Y,37.7906814,-122.4294984
MLS Listing,,Condo/Co-op,1333 Jones St #1609,San Francisco,CA,94109,1250000,1,1.0,Nob Hill,,,1961,4,,1185,Active,,,http://www.redfin.com/CA/San-Francisco/1333-Jones-St-94109/unit-1609/home/12399938,San Francisco MLS,500242,N,Y,37.793621,-122.4148823
MLS Listing,,Condo/Co-op,2946 Pierce,San Francisco,CA,94123,4250000,3,3.5,Cow Hollow,2798,,,4,1519,300,Active,,,http://www.redfin.com/CA/San-Francisco/2946-Pierce-St-94123/home/1441467,San Francisco MLS,499888,N,Y,37.797331,-122.438648
MLS Listing,,Single Family Residential,867 27th Ave,San Francisco,CA,94121,799950,3,2.0,Central Richmond,1666,2994,1931,4,480,,Active,,,http://www.redfin.com/CA/San-Francisco/867-27th-Ave-94121/home/1826838,San Francisco MLS,500236,N,Y,37.7730701,-122.4866809
MLS Listing,,Single Family Residential,366 Quintara St,San Francisco,CA,94116,1325000,2,1.0,Golden Gate Heights,,3419,1949,4,,,Active,,,http://www.redfin.com/CA/San-Francisco/366-Quintara-St-94116/home/649445,San Francisco MLS,499814,N,Y,37.7490791,-122.4695788
MLS Listing,,Single Family Residential,311 Amber Dr,San Francisco,CA,94131,2350000,3,2.0,Diamond Heights,1648,3336,1963,4,1426,,Active,,,http://www.redfin.com/CA/San-Francisco/311-Amber-Dr-94131/home/2022666,San Francisco MLS,497112,N,Y,37.7445366,-122.4422784
MLS Listing,,Condo/Co-op,1177 California St #623,San Francisco,CA,94108,725000,1,1.0,Nob Hill,706,,1978,4,1027,1139,Active,,,http://www.redfin.com/CA/San-Francisco/1177-California-St-94108/unit-623/home/1722651,San Francisco MLS,499657,N,Y,37.7910262,-122.4136476
MLS Listing,,Single Family Residential,46 Porter St,SAN FRANCISCO,CA,94110,1199000,3,2.0,SAN FRANCISCO,1420,1120,1900,4,844,,Active,,,http://www.redfin.com/CA/San-Francisco/46-Porter-St-94110/home/1712127,MLSListings,ML81797693,N,Y,37.7343942,-122.4183776
MLS Listing,,Single Family Residential,78 Cotter St,San Francisco,CA,94112,995000,4,3.0,San Francisco County,1580,2496,1905,4,630,,Active,,,http://www.redfin.com/CA/San-Francisco/78-Cotter-St-94112/home/812522,BAREIS,22014088,N,Y,37.7280723,-122.4343947
MLS Listing,,Single Family Residential,63 Carmel St,San Francisco,CA,94117,3650000,4,4.5,Parnassus/Ashbury Heights,4588,3323,1922,4,796,,Active,,,http://www.redfin.com/CA/San-Francisco/63-Carmel-St-94117/home/602295,San Francisco MLS,500142,N,Y,37.7607091,-122.4480468
MLS Listing,,Single Family Residential,930 Naples St,San Francisco,CA,94112,1250000,3,2.0,Excelsior,1540,2509,1921,4,812,,Active,,,http://www.redfin.com/CA/San-Francisco/930-Naples-St-94112/home/1885907,San Francisco MLS,499873,N,Y,37.715078,-122.435899
MLS Listing,,Condo/Co-op,965 Folsom St #202,San Francisco,CA,94107,1100000,1,1.5,South of Market,1547,,2000,4,711,705,Active,,,http://www.redfin.com/CA/San-Francisco/965-Folsom-St-94107/unit-202/home/12397143,San Francisco MLS,500193,N,Y,37.7790012,-122.404485
MLS Listing,,Condo/Co-op,222 Eureka St,San Francisco,CA,94114,1495000,2,1.5,Eureka Valley/Dolore,1365,,1902,4,1095,375,Active,,,http://www.redfin.com/CA/San-Francisco/222-Eureka-St-94114/home/12277195,San Francisco MLS,499242,N,Y,37.758628,-122.438388
MLS Listing,,Condo/Co-op,4397 25th St,San Francisco,CA,94114,1399000,3,1.0,Noe Valley,1339,,1908,4,1045,430,Active,,,http://www.redfin.com/CA/San-Francisco/4397-25th-St-94114/home/110030959,San Francisco MLS,499809,N,Y,37.749249,-122.43815
MLS Listing,,Condo/Co-op,280 Spear St Unit 4U,San Francisco,CA,94105,945000,1,1.0,South Beach,671,,2020,5,1408,1078,Active,,,http://www.redfin.com/CA/San-Francisco/280-Spear-St-94105/unit-4U/home/172235511,San Francisco MLS,500197,N,Y,37.7903739,-122.3913812
MLS Listing,,Single Family Residential,663 Marina Blvd,San Francisco,CA,94123,9250000,6,6.5,Marina,5420,4660,1937,5,1707,,Active,,,http://www.redfin.com/CA/San-Francisco/663-Marina-Blvd-94123/home/1384392,San Francisco MLS,497452,N,Y,37.8052169,-122.4447837
MLS Listing,,Single Family Residential,1401 Shafter Ave,San Francisco,CA,94124,980000,3,2.5,Bayview,1412,2495,1929,5,694,,Active,,,http://www.redfin.com/CA/San-Francisco/1401-Shafter-Ave-94124/home/1317768,San Francisco MLS,500189,N,Y,37.7288266,-122.3872686
MLS Listing,,Multi-Family (2-4 Unit),1061-1065 Oak St,San Francisco,CA,94117,2500000,4,2.0,Hayes Valley,3418,3638,1900,6,731,,Active,,,http://www.redfin.com/CA/San-Francisco/1061-Oak-St-94117/home/597781,San Francisco MLS,500150,N,Y,37.7729291,-122.4367287
MLS Listing,,Single Family Residential,454 32nd Ave,SAN FRANCISCO,CA,94121,1888000,3,3.5,SAN FRANCISCO,1968,3000,1924,6,959,,Active,,,http://www.redfin.com/CA/San-Francisco/454-32nd-Ave-94121/home/1324284,MLSListings,ML81797627,N,Y,37.7806473,-122.4920309
MLS Listing,,Condo/Co-op,388 Fulton St #310,San Francisco,CA,94102,310798,0,1.0,Hayes Valley,347,,2016,6,896,445,Active,,,http://www.redfin.com/CA/San-Francisco/388-Fulton-St-94102/unit-310/home/144064031,San Francisco MLS,500175,N,Y,37.7790409,-122.4231102
MLS Listing,,Condo/Co-op,301 Mission St Unit 3H,San Francisco,CA,94105,754000,1,1.0,Yerba Buena,773,,2009,6,975,1531,Active,,,http://www.redfin.com/CA/San-Francisco/301-Mission-St-94105/unit-3H/home/40138338,San Francisco MLS,498154,N,Y,37.7903824,-122.3961531
MLS Listing,,Condo/Co-op,4475 24th St #4,San Francisco,CA,94114,1750000,3,2.0,Noe Valley,1654,,1979,6,1058,308,Active,,,http://www.redfin.com/CA/San-Francisco/4475-24th-St-94114/unit-4/home/800254,San Francisco MLS,497673,N,Y,37.7506157,-122.4422679
MLS Listing,,Condo/Co-op,1075 Market St #612,San Francisco,CA,94103,890000,1,1.0,699 - Not Defined,662,,2018,6,1344,738,Active,,,http://www.redfin.com/CA/San-Francisco/1075-Market-St-94103/unit-612/home/169571416,CRMLS,SW20117206,N,Y,37.7807996,-122.4118342
MLS Listing,,Condo/Co-op,461 2nd St Unit C135,San Francisco,CA,94107,1189000,1,1.0,South Beach,1317,,1907,6,903,709,Active,,,http://www.redfin.com/CA/San-Francisco/461-2nd-St-94107/unit-C135/home/1868305,San Francisco MLS,500054,N,Y,37.7834473,-122.3936481
MLS Listing,,Multi-Family (2-4 Unit),1642-1644 Waller St,San Francisco,CA,94117,1995000,,,Haight Ashbury,2713,2495,1904,6,735,,Active,,,http://www.redfin.com/CA/San-Francisco/1642-Waller-St-94117/home/1181566,San Francisco MLS,499818,N,Y,37.7687206,-122.4513586
MLS Listing,,Condo/Co-op,2468 Bush Unit A,San Francisco,CA,94115,698000,1,1.0,Lower Pacific Height,,,1900,6,,188,Active,,,http://www.redfin.com/CA/San-Francisco/2468-Bush-St-94115/unit-A/home/102813866,San Francisco MLS,500166,N,Y,37.786645,-122.4378985
MLS Listing,,Condo/Co-op,1333 Jones St #1102,San Francisco,CA,94109,2199000,1,2.0,Nob Hill,1590,,1960,6,1383,1592,Active,,,http://www.redfin.com/CA/San-Francisco/1333-Jones-St-94109/unit-1102/home/12399926,San Francisco MLS,498787,N,Y,37.793621,-122.4148823
MLS Listing,,Single Family Residential,1759 8th Ave,San Francisco,CA,94122,1325000,3,2.0,Inner Sunset,1760,3000,1925,6,753,,Active,,,http://www.redfin.com/CA/San-Francisco/1759-8th-Ave-94122/home/1516561,San Francisco MLS,500131,N,Y,37.755515,-122.464973
MLS Listing,,Single Family Residential,1547 Thomas Ave,SAN FRANCISCO,CA,94124,899000,2,1.5,SAN FRANCISCO,1425,2500,1941,6,631,,Active,,,http://www.redfin.com/CA/San-Francisco/1547-Thomas-Ave-94124/home/753103,MLSListings,ML81797592,N,Y,37.7297137,-122.3904951
MLS Listing,,Condo/Co-op,3714 23rd St,San Francisco,CA,94114,1525000,3,2.0,Noe Valley,,,1900,6,,223,Active,,,http://www.redfin.com/CA/San-Francisco/3714-23rd-St-94114/home/717387,San Francisco MLS,500153,N,Y,37.753561,-122.4257779
MLS Listing,,Condo/Co-op,199 Tiffany Ave #210,San Francisco,CA,94110,1249000,2,2.0,Bernal Heights,1171,,2004,6,1067,731,Active,,,http://www.redfin.com/CA/San-Francisco/199-Tiffany-Ave-94110/unit-210/home/22888808,San Francisco MLS,499559,N,Y,37.744274,-122.4213436
MLS Listing,,Single Family Residential,1500 Visitacion Ave,San Francisco,CA,94134,949000,3,2.0,San Francisco,1068,1759,1944,6,889,,Active,,,http://www.redfin.com/CA/San-Francisco/1500-Visitacion-Ave-94134/home/966831,"bridgeMLS, Bay East AOR, or Contra Costa AOR",40909339,N,Y,37.7131716,-122.4135547
MLS Listing,,Single Family Residential,1246 47th Ave,San Francisco,CA,94122,650000,1,1.0,Outer Sunset,550,1450,1923,6,1182,,Active,,,http://www.redfin.com/CA/San-Francisco/1246-47th-Ave-94122/home/1872671,San Francisco MLS,500161,N,Y,37.7632964,-122.5067807
MLS Listing,,Condo/Co-op,201 Folsom St Unit 6G,San Francisco,CA,94105,1795000,2,2.0,South Beach,1401,,2016,6,1281,1216,Active,,,http://www.redfin.com/CA/San-Francisco/201-Folsom-St-94105/unit-6G/home/108551516,San Francisco MLS,500160,N,Y,37.7887059,-122.3922385
MLS Listing,,Single Family Residential,1244 47th Ave,San Francisco,CA,94122,1088888,2,1.0,Outer Sunset,1056,1546,1923,6,1031,,Active,,,http://www.redfin.com/CA/San-Francisco/1244-47th-Ave-94122/home/1899658,San Francisco MLS,500159,N,Y,37.7632902,-122.5070137
MLS Listing,,Condo/Co-op,1314 Greenwich St,San Francisco,CA,94109,855000,1,1.0,San Francisco,,,1924,6,,525,Active,,,http://www.redfin.com/CA/San-Francisco/1314-Greenwich-St-94109/home/172232931,"bridgeMLS, Bay East AOR, or Contra Costa AOR",40909335,N,Y,37.8009478,-122.421418
MLS Listing,,Single Family Residential,1324 Rhode Island St,San Francisco,CA,94107,4075000,4,4.0,Potrero Hill,3605,2500,1913,7,1130,,Active,,,http://www.redfin.com/CA/San-Francisco/1324-Rhode-Island-St-94107/home/1638393,San Francisco MLS,498282,N,Y,37.7529052,-122.4016184
MLS Listing,,Condo/Co-op,1635 California St #24,San Francisco,CA,94109,1099000,2,2.0,Nob Hill,915,,2005,7,1201,639,Active,,,http://www.redfin.com/CA/San-Francisco/1635-California-St-94109/unit-24/home/12277015,San Francisco MLS,498429,N,Y,37.7901833,-122.4213456
MLS Listing,,Condo/Co-op,601 4th St #302,San Francisco,CA,94107,965000,1,1.0,South Beach,1026,,1918,7,941,576,Active,,,http://www.redfin.com/CA/San-Francisco/601-4th-St-94107/unit-302/home/12396035,San Francisco MLS,498721,N,Y,37.7781631,-122.3957778
MLS Listing,,Condo/Co-op,1188 Valencia St #210,San Francisco,CA,94110,889000,1,1.0,Inner Mission,,,2018,7,,484,Active,,,http://www.redfin.com/CA/San-Francisco/1188-Valencia-St-94110/unit-210/home/169571288,San Francisco MLS,499623,N,Y,37.75392,-122.4210164
MLS Listing,,Single Family Residential,661 Rockdale Dr,San Francisco,CA,94127,1325000,2,1.0,Miraloma Park,1150,3197,1930,7,1152,,Active,,,http://www.redfin.com/CA/San-Francisco/661-Rockdale-Dr-94127/home/684641,San Francisco MLS,499279,N,Y,37.7408812,-122.4507711
MLS Listing,,Condo/Co-op,53 Wilder St #403,San Francisco,CA,94131,1295000,2,2.0,Glen Park,1231,,2006,7,1052,688,Active,,,http://www.redfin.com/CA/San-Francisco/53-Wilder-St-94131/unit-403/home/17306498,San Francisco MLS,498428,N,Y,37.7339803,-122.4336263
MLS Listing,,Condo/Co-op,1775 Broadway #8,SAN FRANCISCO,CA,94109,994500,1,1.0,SAN FRANCISCO,728,,1925,7,1366,662,Active,,,http://www.redfin.com/CA/San-Francisco/1775-Broadway-94109/unit-8/home/102816597,MLSListings,ML81797463,N,Y,37.795108,-122.426207
MLS Listing,,Condo/Co-op,301 Mission St Unit 33E,San Francisco,CA,94105,1995000,2,2.0,Yerba Buena,1714,,2009,7,1164,2670,Active,,,http://www.redfin.com/CA/San-Francisco/301-Mission-St-94105/unit-33E/home/40142537,San Francisco MLS,498153,N,Y,37.7903824,-122.3961531
MLS Listing,,Multi-Family (2-4 Unit),2920 Gough St,San Francisco,CA,94123,3500000,4,3.0,Cow Hollow,3700,2495,1937,7,946,,Active,,,http://www.redfin.com/CA/San-Francisco/2920-Gough-St-94123/home/561593,San Francisco MLS,500145,N,Y,37.8003671,-122.4274242
MLS Listing,,Single Family Residential,4412 17th St,San Francisco,CA,94114,2350000,3,2.5,Corona Heights,2073,2188,1907,7,1134,,Active,,,http://www.redfin.com/CA/San-Francisco/4412-17th-St-94114/home/1509394,San Francisco MLS,492783,N,Y,37.762178,-122.443736
MLS Listing,,Multi-Family (2-4 Unit),1736-1738 Fell St,San Francisco,CA,94117,3495000,,,North Panhandle,6825,3436,1900,7,512,,Active,,,http://www.redfin.com/CA/San-Francisco/1736-Fell-St-94117/home/1427129,San Francisco MLS,497757,N,Y,37.7731919,-122.4467019
MLS Listing,,Condo/Co-op,158 Laidley St #3,San Francisco,CA,94131,895000,1,1.0,Glen Park,660,,1960,7,1356,268,Active,,,http://www.redfin.com/CA/San-Francisco/158-Laidley-St-94131/unit-3/home/17319865,San Francisco MLS,500134,N,Y,37.7392008,-122.4289569
MLS Listing,,Condo/Co-op,1000 Pennsylvania Ave #12,San Francisco,CA,94107,1295000,2,3.0,Potrero Hill,1727,,2001,7,750,769,Active,,,http://www.redfin.com/CA/San-Francisco/1000-Pennsylvania-Ave-94107/unit-12/home/856465,San Francisco MLS,499817,N,Y,37.7539025,-122.3930979
MLS Listing,,Single Family Residential,2576 26th Ave,San Francisco,CA,94116,1128000,4,1.25,Parkside,2037,3598,1931,7,554,,Active,,,http://www.redfin.com/CA/San-Francisco/2576-26th-Ave-94116/home/662884,San Francisco MLS,499562,N,Y,37.7394617,-122.4827013
MLS Listing,,Single Family Residential,42 Meda Ave,SAN FRANCISCO,CA,94112,1309000,4,2.0,SAN FRANCISCO,1349,1746,1916,7,970,,Active,,,http://www.redfin.com/CA/San-Francisco/42-Meda-Ave-94112/home/698280,MLSListings,ML81797503,N,Y,37.7238428,-122.4416739
MLS Listing,,Single Family Residential,2956 19th Ave,SAN FRANCISCO,CA,94132,2098000,4,3.0,SAN FRANCISCO,2512,4305,1936,7,835,,Active,,,http://www.redfin.com/CA/San-Francisco/2956-19th-Ave-94132/home/1151221,MLSListings,ML81797501,N,Y,37.7333515,-122.4747418
MLS Listing,,Single Family Residential,86 Fair Oaks St,San Francisco,CA,94110,2095000,2,1.0,Eureka Valley/Dolore,1740,3525,1908,7,1204,,Active,,,http://www.redfin.com/CA/San-Francisco/86-Fair-Oaks-St-94110/home/1192483,San Francisco MLS,500118,N,Y,37.7554038,-122.4245938
MLS Listing,,Condo/Co-op,765 Market St Ph 2CD,San Francisco,CA,94103,11000000,3,3.5,South of Market,3548,,2001,7,3100,5068,Active,,,http://www.redfin.com/CA/San-Francisco/765-Market-St-94103/unit-2CD/home/148068939,San Francisco MLS,496667,N,Y,37.786097,-122.4041629
MLS Listing,,Condo/Co-op,3418 26th St #11,San Francisco,CA,94110,719000,1,1.0,Inner Mission,,,2014,7,,570,Active,,,http://www.redfin.com/CA/San-Francisco/3418-26th-St-94110/unit-11/home/57336519,San Francisco MLS,499688,N,Y,37.7492018,-122.4189838
MLS Listing,,Single Family Residential,1407 Shafter Ave,San Francisco,CA,94124,950000,4,3.0,Bayview,,2500,1920,7,,,Active,,,http://www.redfin.com/CA/San-Francisco/1407-Shafter-Ave-94124/home/2011429,San Francisco MLS,499730,N,Y,37.7288748,-122.387324
MLS Listing,,Condo/Co-op,339 Presidio Ave,San Francisco,CA,94115,1825000,3,1.0,Presidio Heights,1553,,1924,7,1175,104,Active,,,http://www.redfin.com/CA/San-Francisco/339-Presidio-Ave-94115/home/1278239,San Francisco MLS,499190,N,Y,37.7885096,-122.447168
MLS Listing,,Condo/Co-op,875 Vermont St #105,San Francisco,CA,94107,699000,1,1.0,Potrero Hill,,,,7,,184,Active,,,http://www.redfin.com/CA/San-Francisco/875-Vermont-St-94107/unit-105/home/148070542,San Francisco MLS,500062,N,Y,37.7585731,-122.403654
MLS Listing,,Condo/Co-op,756 Lake St,San Francisco,CA,94118,1750000,2,2.0,Lake,,,,7,,,Active,,,http://www.redfin.com/CA/San-Francisco/756-Lake-St-94118/home/168756197,San Francisco MLS,499874,N,Y,37.7867145,-122.46775
MLS Listing,,Single Family Residential,326 Hale St,SAN FRANCISCO,CA,94134,995000,2,2.0,SAN FRANCISCO,1416,1875,1950,7,703,,Active,,,http://www.redfin.com/CA/San-Francisco/326-Hale-St-94134/home/1448103,MLSListings,ML81797472,N,Y,37.7314436,-122.4114479
MLS Listing,,Condo/Co-op,333 Beale St Unit 8A,San Francisco,CA,94105,998000,1,1.0,South Beach,873,,2015,7,1143,985,Active,,,http://www.redfin.com/CA/San-Francisco/333-Beale-St-94105/unit-8A/home/109278581,San Francisco MLS,500117,N,Y,37.7884937,-122.3918797
MLS Listing,,Single Family Residential,152 Fairmount St,San Francisco,CA,94131,2195000,3,2.0,Glen Park,1716,3125,,7,1279,,Active,,,http://www.redfin.com/CA/San-Francisco/152-Fairmount-St-94131/home/1986505,San Francisco MLS,500109,N,Y,37.7389943,-122.4266784
MLS Listing,,Condo/Co-op,81 Frank Norris St #304,San Francisco,CA,94109,525000,1,1.0,Downtown,632,,2007,7,831,462,Active,,,http://www.redfin.com/CA/San-Francisco/81-Frank-Norris-St-94109/unit-304/home/17306921,San Francisco MLS,500071,N,Y,37.7890804,-122.4200528
MLS Listing,,Single Family Residential,411 Vallejo St,SAN FRANCISCO,CA,94133,2480000,2,2.5,SAN FRANCISCO,1240,818,1906,7,2000,,Active,,,http://www.redfin.com/CA/San-Francisco/411-Vallejo-St-94133/home/1778748,MLSListings,ML81797459,N,Y,37.798997,-122.4044668
MLS Listing,,Condo/Co-op,56 Danvers St,San Francisco,CA,94114,2000000,2,2.0,Eureka Valley/Dolore,,,,7,,300,Active,,,http://www.redfin.com/CA/San-Francisco/56-Danvers-St-94114/home/1316231,San Francisco MLS,498016,N,Y,37.7606318,-122.4438077
MLS Listing,,Multi-Family (2-4 Unit),148-152 Fillmore St,San Francisco,CA,94117,3250000,7,5.0,Hayes Valley,3801,1950,1900,7,855,,Active,,,http://www.redfin.com/CA/San-Francisco/148-Fillmore-St-94117/home/1523427,San Francisco MLS,500115,N,Y,37.7710169,-122.4299664
MLS Listing,,Single Family Residential,1045 Cole St,San Francisco,CA,94117,3995000,4,3.5,Parnassus/Ashbury Heights,3472,2609,1905,7,1151,,Active,,,http://www.redfin.com/CA/San-Francisco/1045-Cole-St-94117/home/2026740,San Francisco MLS,499848,N,Y,37.7642483,-122.4498422
MLS Listing,,Condo/Co-op,1264 Dolores St,San Francisco,CA,94110,1749000,2,2.0,Noe Valley,1738,,2012,7,1006,375,Active,,,http://www.redfin.com/CA/San-Francisco/1264-Dolores-St-94110/home/69054816,San Francisco MLS,499403,N,Y,37.7491533,-122.4252791
MLS Listing,,Single Family Residential,623 Athens St,San Francisco,CA,94112,948000,2,2.0,Excelsior,1270,2500,1927,7,746,,Active,,,http://www.redfin.com/CA/San-Francisco/623-Athens-St-94112/home/2034774,San Francisco MLS,499785,N,Y,37.7180551,-122.4308761
MLS Listing,,Single Family Residential,892 Ashbury St,San Francisco,CA,94117,4995000,5,4.0,Buena Vista Park,4290,3400,1905,7,1164,,Active,,,http://www.redfin.com/CA/San-Francisco/892-Ashbury-St-94117/home/600514,San Francisco MLS,499918,N,Y,37.7657851,-122.445817
MLS Listing,,Condo/Co-op,1870 Jackson St #301,San Francisco,CA,94109,1650000,2,1.0,Pacific Heights,1350,,1931,7,1222,800,Active,,,http://www.redfin.com/CA/San-Francisco/1870-Jackson-St-94109/unit-301/home/1797925,San Francisco MLS,500008,N,Y,37.7938595,-122.4258544
MLS Listing,,Single Family Residential,3616 Folsom St,San Francisco,CA,94110,1995000,4,4.0,Bernal Heights,2030,1746,1900,7,983,,Active,,,http://www.redfin.com/CA/San-Francisco/3616-Folsom-St-94110/home/1606150,San Francisco MLS,499810,N,Y,37.7412069,-122.4133888
MLS Listing,,Condo/Co-op,527 Oak St,San Francisco,CA,94102,1650000,2,2.0,Hayes Valley,1820,,1900,7,907,270,Active,,,http://www.redfin.com/CA/San-Francisco/527-Oak-St-94102/home/18773614,San Francisco MLS,499985,N,Y,37.774205,-122.428032
MLS Listing,,Condo/Co-op,282 Pixley St,San Francisco,CA,94123,2288000,2,2.0,Cow Hollow,1733,,,7,1320,153,Active,,,http://www.redfin.com/CA/San-Francisco/282-Pixley-St-94123/home/1958712,San Francisco MLS,500098,N,Y,37.7984397,-122.4370474
MLS Listing,,Condo/Co-op,330 Mission Bay Blvd #604,San Francisco,CA,94158,2888000,2,2.0,Mission Bay,1569,,2008,7,1841,969,Active,,,http://www.redfin.com/CA/San-Francisco/330-Mission-Bay-Blvd-N-94158/unit-604/home/21966588,San Francisco MLS,497593,N,Y,37.771662,-122.3874533
MLS Listing,,Single Family Residential,718 Olmstead St,San Francisco,CA,94134,1159000,4,2.0,Portola,1660,2500,1951,7,698,,Active,,,http://www.redfin.com/CA/San-Francisco/718-Olmstead-St-94134/home/1414755,San Francisco MLS,499807,N,Y,37.721074,-122.408964
MLS Listing,,Condo/Co-op,125 Gilbert St #7,San Francisco,CA,94103,1295000,2,2.5,South of Market,1550,,1996,7,835,792,Active,,,http://www.redfin.com/CA/San-Francisco/125-Gilbert-St-94103/unit-7/home/12396100,San Francisco MLS,499840,N,Y,37.7732252,-122.4019151
MLS Listing,,Single Family Residential,70 Manor Dr,San Francisco,CA,94127,2695000,4,4.0,Mount Davidson Manor,2796,3380,1927,7,964,,Active,,,http://www.redfin.com/CA/San-Francisco/70-Manor-Dr-94127/home/1783118,San Francisco MLS,500095,N,Y,37.7276432,-122.4642608
MLS Listing,,Single Family Residential,135 15th Ave,San Francisco,CA,94118,4590000,5,3.5,Lake,3939,3188,1912,7,1165,,Active,,,http://www.redfin.com/CA/San-Francisco/135-15th-Ave-94118/home/1959435,San Francisco MLS,500096,N,Y,37.7855345,-122.4746091
MLS Listing,,Single Family Residential,1874 32nd Ave,San Francisco,CA,94122,1448000,3,2.0,Central Sunset,1642,2996,1941,7,882,,Active,,,http://www.redfin.com/CA/San-Francisco/1874-32nd-Ave-94122/home/1789784,San Francisco MLS,500042,N,Y,37.7522606,-122.4900855
MLS Listing,,Single Family Residential,3015 Ulloa St,San Francisco,CA,94116,1580000,4,2.0,Parkside,1881,3097,1926,7,840,,Active,,,http://www.redfin.com/CA/San-Francisco/3015-Ulloa-St-94116/home/1970019,San Francisco MLS,498048,N,Y,37.7403928,-122.4887983
MLS Listing,,Single Family Residential,4064 17th St,San Francisco,CA,94114,5150000,4,3.5,Corona Heights,,4586,1908,7,,,Active,,,http://www.redfin.com/CA/San-Francisco/4064-17th-St-94114/home/1014114,San Francisco MLS,500035,N,Y,37.762613,-122.4366652
MLS Listing,,Condo/Co-op,435 China Basin St #547,San Francisco,CA,94158,1999999,2,2.5,Mission Bay,1685,,2012,7,1187,910,Active,,,http://www.redfin.com/CA/San-Francisco/435-China-Basin-St-94158/unit-547/home/40629352,San Francisco MLS,496579,N,Y,37.7715936,-122.3885893
MLS Listing,,Single Family Residential,325 Congdon St,San Francisco,CA,94112,1095000,4,2.0,Excelsior,1237,1720,1910,7,885,,Active,,,http://www.redfin.com/CA/San-Francisco/325-Congdon-St-94112/home/2034681,San Francisco MLS,497771,N,Y,37.7289951,-122.4257331
MLS Listing,,Condo/Co-op,2011 3rd St #6,San Francisco,CA,94107,1095000,2,2.0,Central Waterfront,1210,,1997,7,905,562,Active,,,http://www.redfin.com/CA/San-Francisco/2011-3rd-St-94107/unit-6/home/12396264,San Francisco MLS,499941,N,Y,37.7639479,-122.3884823
MLS Listing,,Condo/Co-op,551 Clipper St,San Francisco,CA,94114,1249000,2,1.0,Noe Valley,1126,,1921,7,1109,225,Active,,,http://www.redfin.com/CA/San-Francisco/551-Clipper-St-94114/home/1142056,San Francisco MLS,499950,N,Y,37.748446,-122.437242
MLS Listing,,Condo/Co-op,370 De Haro St Unit B10,San Francisco,CA,94103,1695000,2,2.5,Potrero Hill,1622,,1999,7,1045,,Active,,,http://www.redfin.com/CA/San-Francisco/370-De-Haro-St-94103/unit-B10/home/12396763,San Francisco MLS,499531,N,Y,37.7654597,-122.4021363
MLS Listing,,Single Family Residential,295 Hazelwood Ave,San Francisco,CA,94127,1749000,2,2.0,Westwood Highlands,1439,4120,,7,1215,,Active,,,http://www.redfin.com/CA/San-Francisco/295-Hazelwood-Ave-94127/home/2013689,San Francisco MLS,498818,N,Y,37.7327358,-122.4554595
MLS Listing,,Condo/Co-op,160 Hancock St #3,San Francisco,CA,94114,2995000,3,3.0,Eureka Valley/Dolore,2425,,2003,7,1235,400,Active,,,http://www.redfin.com/CA/San-Francisco/160-Hancock-St-94114/unit-3/home/1552660,San Francisco MLS,499971,N,Y,37.7605212,-122.431844
MLS Listing,,Condo/Co-op,1100 Sacramento St #1002,San Francisco,CA,94108,12495000,3,3.75,Nob Hill,4320,,1925,7,2892,5387,Active,,,http://www.redfin.com/CA/San-Francisco/1100-Sacramento-St-94108/unit-1002/home/52694188,San Francisco MLS,499993,N,Y,37.7929478,-122.4114198
MLS Listing,,Condo/Co-op,1267 Oak St,San Francisco,CA,94117,679000,1,1.0,Haight Ashbury,758,,1908,7,896,275,Active,,,http://www.redfin.com/CA/San-Francisco/1267-Oak-St-94117/home/55244556,San Francisco MLS,499999,N,Y,37.772502,-122.440134
MLS Listing,,Single Family Residential,3741 Broderick St,San Francisco,CA,94123,9300000,5,4.0,Marina,5016,2500,1939,7,1854,,Active,,,http://www.redfin.com/CA/San-Francisco/3741-Broderick-St-94123/home/1153919,San Francisco MLS,499914,N,Y,37.804979,-122.4457948
MLS Listing,,Single Family Residential,195 Magellan Ave,San Francisco,CA,94116,3000000,4,3.0,Forest Hill,2976,4007,1950,7,1008,,Active,,,http://www.redfin.com/CA/San-Francisco/195-Magellan-Ave-94116/home/1564741,San Francisco MLS,499759,N,Y,37.7475875,-122.4597055
MLS Listing,,Multi-Family (2-4 Unit),3132-3136 23rd St,San Francisco,CA,94110,1200000,4,3.0,Inner Mission,2191,3169,1900,7,548,,Active,,,http://www.redfin.com/CA/San-Francisco/3132-23rd-St-94110/home/1300724,San Francisco MLS,499944,N,Y,37.7541819,-122.4150611
MLS Listing,,Multi-Family (2-4 Unit),479-481 32nd Ave,San Francisco,CA,94121,3250000,8,8.0,Central Richmond,5320,3000,1923,7,611,,Active,,,http://www.redfin.com/CA/San-Francisco/479-32nd-Ave-94121/home/1181815,San Francisco MLS,499301,N,Y,37.7802087,-122.4925976
MLS Listing,,Townhouse,5031 Diamond Heights Blvd,San Francisco,CA,94131,1499000,3,2.5,Diamond Heights,2188,,1979,7,685,675,Active,,,http://www.redfin.com/CA/San-Francisco/5031-Diamond-Heights-Blvd-94131/home/1656459,San Francisco MLS,499921,N,Y,37.747421,-122.442688
MLS Listing,,Condo/Co-op,180 Corwin,San Francisco,CA,94114,995000,2,1.0,Eureka Valley/Dolore,,,,7,,469,Active,,,http://www.redfin.com/CA/San-Francisco/180-Corwin-St-94114/home/1130302,San Francisco MLS,499707,N,Y,37.7581502,-122.4407171
MLS Listing,,Condo/Co-op,236 Moultrie St,San Francisco,CA,94110,798000,2,1.0,Bernal Heights,,,1900,7,,,Active,,,http://www.redfin.com/CA/San-Francisco/236-Moultrie-St-94110/home/761524,San Francisco MLS,499995,N,Y,37.7411202,-122.4159179
MLS Listing,,Condo/Co-op,181 Ofarrell St #302,San Francisco,CA,94102,1295000,2,1.5,Downtown,1499,,2006,7,864,805,Active,,,http://www.redfin.com/CA/San-Francisco/181-O-Farrell-St-94102/unit-302/home/17306980,San Francisco MLS,499482,N,Y,37.7861884,-122.4076329
MLS Listing,,Condo/Co-op,195 7th St #309,San Francisco,CA,94103,425000,0,1.0,South of Market,307,,1991,7,1384,370,Active,,,http://www.redfin.com/CA/San-Francisco/195-7th-St-94103/unit-309/home/1272601,San Francisco MLS,499890,N,Y,37.7782751,-122.4094319
MLS Listing,,Condo/Co-op,240 Lombard St #229,San Francisco,CA,94111,599000,1,1.0,North Waterfront,580,,1993,7,1033,945,Active,,,http://www.redfin.com/CA/San-Francisco/240-Lombard-St-94111/unit-229/home/542333,San Francisco MLS,499563,N,Y,37.8042439,-122.4055041
MLS Listing,,Condo/Co-op,45 Bartlett St #416,San Francisco,CA,94110,698000,1,1.0,Inner Mission,517,,2014,7,1350,540,Active,,,http://www.redfin.com/CA/San-Francisco/45-Bartlett-St-94110/unit-416/home/109315242,San Francisco MLS,499671,N,Y,37.7559364,-122.419286
MLS Listing,,Condo/Co-op,2482 Bush St,San Francisco,CA,94115,1650000,2,1.0,Lower Pacific Height,1522,,1900,7,1084,410,Active,,,http://www.redfin.com/CA/San-Francisco/2482-Bush-St-94115/home/12277038,San Francisco MLS,499006,N,Y,37.786716,-122.438095
MLS Listing,,Single Family Residential,375 Naples St,San Francisco,CA,94112-2058,1398888,3,1.5,Excelsior,1700,2495,1917,8,823,,Active,,,http://www.redfin.com/CA/San-Francisco/375-Naples-St-94112/home/773686,"bridgeMLS, Bay East AOR, or Contra Costa AOR",40909139,N,Y,37.7227237,-122.4295645
MLS Listing,,Single Family Residential,180 Princeton St,SAN FRANCISCO,CA,94134,1460000,3,4.0,SAN FRANCISCO,1794,1750,1974,8,814,,Active,,,http://www.redfin.com/CA/San-Francisco/180-Princeton-St-94134/home/1792600,MLSListings,ML81797374,N,Y,37.7274034,-122.4157422
MLS Listing,,Condo/Co-op,1468 Francisco St #3,San Francisco,CA,94123,1199000,1,1.0,Marina,984,,1924,8,1218,350,Active,,,http://www.redfin.com/CA/San-Francisco/1468-Francisco-St-94123/unit-3/home/1925760,"bridgeMLS, Bay East AOR, or Contra Costa AOR",40909136,N,Y,37.8029289,-122.4294106
MLS Listing,,Multi-Family (2-4 Unit),593-595 Clipper St,San Francisco,CA,94114,3800000,4,3.5,Noe Valley,2309,2736,1921,8,1646,,Active,,,http://www.redfin.com/CA/San-Francisco/593-Clipper-St-94114/home/172155376,San Francisco MLS,500044,N,Y,37.7484554,-122.4380625
MLS Listing,,Condo/Co-op,1000 North Point St #405,San Francisco,CA,94109,679000,0,1.0,Russian Hill,,,1965,8,,504,Active,,,http://www.redfin.com/CA/San-Francisco/1000-N-Point-St-94109/unit-405/home/12395483,San Francisco MLS,500086,N,Y,37.8055099,-122.4241573
MLS Listing,,Single Family Residential,46 Cook,San Francisco,CA,94118,2790000,4,3.0,Jordan Park/Laurel Heights,3216,3027,1900,8,868,,Active,,,http://www.redfin.com/CA/San-Francisco/46-Cook-St-94118/home/589691,San Francisco MLS,500079,N,Y,37.782883,-122.452035
MLS Listing,,Condo/Co-op,2600 18th St #7,San Francisco,CA,94110,1299000,2,2.0,Inner Mission,1304,,1999,8,996,573,Active,,,http://www.redfin.com/CA/San-Francisco/2600-18th-St-94110/unit-7/home/1648643,San Francisco MLS,500082,N,Y,37.762136,-122.4084792
MLS Listing,,Condo/Co-op,322 Graystone Ter,San Francisco,CA,94114,998000,2,2.0,Twin Peaks,971,,1958,8,1028,105,Active,,,http://www.redfin.com/CA/San-Francisco/322-Graystone-Ter-94114/home/21966532,San Francisco MLS,499752,N,Y,37.756323,-122.443739
MLS Listing,,Single Family Residential,1252 Church St,San Francisco,CA,94110,1195000,2,1.0,Noe Valley,1050,1947,1900,8,1138,,Active,,,http://www.redfin.com/CA/San-Francisco/1252-Church-St-94114/home/1720914,San Francisco MLS,500051,N,Y,37.7506935,-122.4275912
MLS Listing,,Condo/Co-op,1150 Sacramento St #504,San Francisco,CA,94108,2998000,2,2.5,Nob Hill,2555,,1989,8,1173,2715,Active,,,http://www.redfin.com/CA/San-Francisco/1150-Sacramento-St-94108/unit-504/home/1134988,San Francisco MLS,500066,N,Y,37.7929839,-122.4117974
MLS Listing,,Single Family Residential,25 Chaves Ave,San Francisco,CA,94127,1498000,5,3.0,Miraloma Park,2255,3301,1931,8,664,,Active,,,http://www.redfin.com/CA/San-Francisco/25-Chaves-Ave-94127/home/1156741,San Francisco MLS,496925,N,Y,37.7426071,-122.4530269
MLS Listing,,Single Family Residential,364 Valley St,San Francisco,CA,94131,998000,1,1.0,Noe Valley,773,2848,,8,1291,,Active,,,http://www.redfin.com/CA/San-Francisco/364-Valley-St-94131/home/1990686,San Francisco MLS,498389,N,Y,37.744498,-122.4304226
MLS Listing,,Condo/Co-op,4024 18th St,San Francisco,CA,94114,2495000,3,2.5,Eureka Valley/Dolore,1930,,1900,8,1293,,Active,,,http://www.redfin.com/CA/San-Francisco/4024-18th-St-94114/home/1820586,San Francisco MLS,499580,N,Y,37.7612088,-122.4334281
MLS Listing,,Condo/Co-op,4026 18th St,San Francisco,CA,94114,1995000,3,3.0,Eureka Valley/Dolore,1690,,1900,8,1180,,Active,,,http://www.redfin.com/CA/San-Francisco/4026-18th-St-94114/home/172133450,San Francisco MLS,499581,N,Y,37.76117,-122.4334751
MLS Listing,,Condo/Co-op,950 Tennessee St #211,San Francisco,CA,94107,1399000,2,2.0,Central Waterfront,1073,,2020,8,1304,598,Active,,,http://www.redfin.com/CA/San-Francisco/950-Tennessee-St-94107/unit-211/home/172133123,San Francisco MLS,500072,N,Y,37.7596747,-122.3898245
MLS Listing,,Condo/Co-op,950 Tennessee St #121,San Francisco,CA,94107,1199000,2,2.0,Central Waterfront,970,,2020,8,1236,598,Active,,,http://www.redfin.com/CA/San-Francisco/950-Tennessee-St-94107/unit-121/home/172132809,San Francisco MLS,500070,N,Y,37.7596747,-122.3898245
MLS Listing,,Condo/Co-op,950 Tennessee St #208,San Francisco,CA,94107,659000,0,1.0,Central Waterfront,472,,2020,8,1396,435,Active,,,http://www.redfin.com/CA/San-Francisco/950-Tennessee-St-94107/unit-208/home/170136638,San Francisco MLS,500067,N,Y,37.7596747,-122.3898245
MLS Listing,,Condo/Co-op,950 Tennessee St #116,San Francisco,CA,94107,669000,0,1.0,Central Waterfront,472,,2020,8,1417,435,Active,,,http://www.redfin.com/CA/San-Francisco/950-Tennessee-St-94107/unit-116/home/172132136,San Francisco MLS,500064,N,Y,37.7596747,-122.3898245
MLS Listing,,Condo/Co-op,955 Leavenworth St,SAN FRANCISCO,CA,94109,1545000,3,2.0,SAN FRANCISCO,1722,,1908,8,897,250,Active,,,http://www.redfin.com/CA/San-Francisco/955-Leavenworth-St-94109/home/1514354,MLSListings,ML81797305,N,Y,37.7900113,-122.4158089
MLS Listing,,Single Family Residential,2851 25th St,San Francisco,CA,94110,1895000,3,1.5,Inner Mission,1860,1625,1929,8,1019,,Active,,,http://www.redfin.com/CA/San-Francisco/2851-25th-St-94110/home/738790,San Francisco MLS,498695,N,Y,37.7511649,-122.4072825
MLS Listing,,Single Family Residential,817 Rockdale Dr,San Francisco,CA,94127,1395000,2,1.0,Miraloma Park,1125,3300,1928,8,1240,,Active,,,http://www.redfin.com/CA/San-Francisco/817-Rockdale-Dr-94127/home/686611,San Francisco MLS,500039,N,Y,37.7411205,-122.4533807
MLS Listing,,Condo/Co-op,225 26th Ave #1,San Francisco,CA,94121,1959000,4,3.5,Lake,2031,,2001,8,965,391,Active,,,http://www.redfin.com/CA/San-Francisco/225-26th-Ave-94121/unit-1/home/1097293,San Francisco MLS,500043,N,Y,37.7851271,-122.4865075
MLS Listing,,Condo/Co-op,875 La Playa St #373,San Francisco,CA,94121,625000,1,1.0,Outer Richmond,767,,1983,8,815,758,Active,,,http://www.redfin.com/CA/San-Francisco/875-La-Playa-St-94121/unit-373/home/1314862,San Francisco MLS,499610,N,Y,37.7716975,-122.5103084
MLS Listing,,Condo/Co-op,712 Bryant St #4,San Francisco,CA,94107,1740000,2,2.5,South of Market,2180,,2001,8,798,833,Active,,,http://www.redfin.com/CA/San-Francisco/712-Bryant-St-94107/unit-4/home/12397087,San Francisco MLS,499974,N,Y,37.7777254,-122.400944
MLS Listing,,Single Family Residential,150 Beaumont Ave,San Francisco,CA,94118,2795000,5,3.0,Lone Mountain,2904,2870,1948,8,962,,Active,,,http://www.redfin.com/CA/San-Francisco/150-Beaumont-Ave-94118/home/593529,San Francisco MLS,499901,N,Y,37.7789,-122.4543538
MLS Listing,,Single Family Residential,1820 Kirkham St,San Francisco,CA,94122,2195000,4,3.0,Central Sunset,2274,2500,1932,8,965,,Active,,,http://www.redfin.com/CA/San-Francisco/1820-Kirkham-St-94122/home/2016178,San Francisco MLS,498845,N,Y,37.7598802,-122.4805788
MLS Listing,,Condo/Co-op,425 1st St #4901,San Francisco,CA,94105,1315000,1,1.0,South Beach,837,,2008,8,1571,,Active,,,http://www.redfin.com/CA/San-Francisco/425-1st-St-94105/unit-4901/home/17304860,San Francisco MLS,500048,N,Y,37.7860625,-122.3921764
MLS Listing,,Condo/Co-op,1788 Clay St #405,San Francisco,CA,94109,925000,1,1.0,Nob Hill,780,,2014,8,1186,668,Active,,,http://www.redfin.com/CA/San-Francisco/1788-Clay-St-94109/unit-405/home/110051635,San Francisco MLS,500013,N,Y,37.7925699,-122.4222498
MLS Listing,,Condo/Co-op,1177 California St #724,San Francisco,CA,94108,1755000,2,2.0,Nob Hill,1653,,1978,8,1062,1779,Active,,,http://www.redfin.com/CA/San-Francisco/1177-California-St-94108/unit-724/home/1707283,San Francisco MLS,500046,N,Y,37.7910262,-122.4136476
MLS Listing,,Single Family Residential,595 Clipper St,San Francisco,CA,94114,3800000,4,3.0,Noe Valley,2309,2736,1921,8,1646,,Active,,,http://www.redfin.com/CA/San-Francisco/595-Clipper-St-94114/home/1886210,San Francisco MLS,497290,N,Y,37.7485106,-122.4380903
MLS Listing,,Single Family Residential,745 Goettingen St,SAN FRANCISCO,CA,94134,1295000,4,3.0,SAN FRANCISCO,1455,2996,1951,8,890,,Active,,,http://www.redfin.com/CA/San-Francisco/745-Goettingen-St-94134/home/1464332,MLSListings,ML81797168,N,Y,37.7227524,-122.4046828
MLS Listing,,Single Family Residential,2341 Vallejo St,San Francisco,CA,94123,6500000,4,4.0,Pacific Heights,3685,3711,1922,8,1764,,Active,,,http://www.redfin.com/CA/San-Francisco/2341-Vallejo-St-94123/home/564812,San Francisco MLS,500002,N,Y,37.7949444,-122.4358087
MLS Listing,,Multi-Family (2-4 Unit),4231 4231A 26th St,San Francisco,CA,94131,3045000,5,4.0,Noe Valley,,3066,1907,8,,,Active,,,http://www.redfin.com/CA/San-Francisco/4231A-26th-St-94131/home/169901663,San Francisco MLS,500037,N,Y,37.7478511,-122.4349444
MLS Listing,,Condo/Co-op,755 Capp St,San Francisco,CA,94110,1695000,3,1.0,Inner Mission,1890,,1900,8,897,200,Active,,,http://www.redfin.com/CA/San-Francisco/755-Capp-St-94110/home/1441295,San Francisco MLS,500040,N,Y,37.754276,-122.417223
MLS Listing,,Condo/Co-op,170 King St #409,San Francisco,CA,94107,818000,1,1.0,South Beach,690,,2007,8,1186,698,Active,,,http://www.redfin.com/CA/San-Francisco/170-King-St-94107/unit-409/home/17306153,San Francisco MLS,499979,N,Y,37.7789817,-122.3917515
MLS Listing,,Condo/Co-op,601 4th St #312,San Francisco,CA,94107,1250000,1,2.0,South Beach,1147,,1916,8,1090,689,Active,,,http://www.redfin.com/CA/San-Francisco/601-4th-St-94107/unit-312/home/12396470,San Francisco MLS,499204,N,Y,37.7781631,-122.3957778
MLS Listing,,Condo/Co-op,35 Alpine Ter #5,San Francisco,CA,94117,2999000,2,2.5,Buena Vista Park,,,1958,8,,715,Active,,,http://www.redfin.com/CA/San-Francisco/35-Alpine-Ter-94117/unit-5/home/1507840,San Francisco MLS,499724,N,Y,37.769774,-122.437413
MLS Listing,,Single Family Residential,1485 11th Ave,San Francisco,CA,94122,1288000,3,2.0,Inner Sunset,,1437,1922,8,,,Active,,,http://www.redfin.com/CA/San-Francisco/1485-11th-Ave-94122/home/1916311,San Francisco MLS,499981,N,Y,37.7605008,-122.4684179
MLS Listing,,Condo/Co-op,4231 26th St #4231,San Francisco,CA,94131,1495000,2,1.0,Noe Valley,1553,,1907,8,963,,Active,,,http://www.redfin.com/CA/San-Francisco/4231-26th-St-94131/unit-4231/home/172127757,San Francisco MLS,500005,N,Y,37.747929,-122.4349606
MLS Listing,,Condo/Co-op,4231 4231A 26th St Unit 4231A,San Francisco,CA,94131,1550000,3,3.0,Noe Valley,1401,,1907,8,1106,,Active,,,http://www.redfin.com/CA/San-Francisco/4231A-26th-St-94131/unit-4231A/home/172127542,San Francisco MLS,500006,N,Y,37.7478511,-122.4349444
MLS Listing,,Condo/Co-op,1945 Hyde St #7,San Francisco,CA,94109,4700000,2,2.0,Russian Hill,,,1920,8,,1406,Active,,,http://www.redfin.com/CA/San-Francisco/1945-Hyde-St-94109/unit-7/home/69371240,San Francisco MLS,499292,N,Y,37.7988233,-122.4192632
MLS Listing,,Single Family Residential,502 Plymouth Ave,San Francisco,CA,94112,795000,2,1.0,Oceanview,950,2500,1907,8,837,,Active,,,http://www.redfin.com/CA/San-Francisco/502-Plymouth-Ave-94112/home/928368,San Francisco MLS,500032,N,Y,37.7151059,-122.4557802
MLS Listing,,Multi-Family (5+ Unit),1649 Market St,San Francisco,CA,94103,28500000,4,,South of Market,41544,9295,1912,8,686,,Active,,,http://www.redfin.com/CA/San-Francisco/1649-Market-St-94103/home/1710976,San Francisco MLS,499983,N,Y,37.7733868,-122.4212372
MLS Listing,,Condo/Co-op,318 Spear St Unit 3A,San Francisco,CA,94105,1499000,2,2.0,South Beach,1274,,2008,8,1177,982,Active,,,http://www.redfin.com/CA/San-Francisco/318-Spear-St-94105/unit-3A/home/21966903,San Francisco MLS,500027,N,Y,37.7897457,-122.3908558
MLS Listing,,Condo/Co-op,1160 Mission St #2309,San Francisco,CA,94103,899000,1,1.0,South of Market,,,2008,8,,805,Active,,,http://www.redfin.com/CA/San-Francisco/1160-Mission-St-94103/unit-2309/home/17305264,San Francisco MLS,498863,N,Y,37.7787037,-122.4126341
MLS Listing,,Condo/Co-op,207 King St #710,San Francisco,CA,94107,1499000,2,1.5,Mission Bay,1302,,2003,8,1151,656,Active,,,http://www.redfin.com/CA/San-Francisco/207-King-St-94107/unit-710/home/12399807,San Francisco MLS,500025,N,Y,37.7775275,-122.3916855
MLS Listing,,Condo/Co-op,250 King St #1504,San Francisco,CA,94107,725000,0,1.0,Mission Bay,595,,2004,8,1218,799,Active,,,http://www.redfin.com/CA/San-Francisco/250-King-St-94107/unit-1504/home/22889814,San Francisco MLS,499550,N,Y,37.7781222,-122.3932903
MLS Listing,,Condo/Co-op,540 De Haro St #204,San Francisco,CA,94107,1795000,2,2.5,Potrero Hill,1495,,2020,8,1201,558,Active,,,http://www.redfin.com/CA/San-Francisco/540-De-Haro-St-94107/unit-204/home/172124271,San Francisco MLS,500020,N,Y,37.763009,-122.4016864
MLS Listing,,Single Family Residential,256 Fowler Ave,San Francisco,CA,94127,1998000,3,3.0,Miraloma Park,1892,3053,1932,8,1056,,Active,,,http://www.redfin.com/CA/San-Francisco/256-Fowler-Ave-94127/home/1933039,San Francisco MLS,500018,N,Y,37.7433188,-122.4520624
MLS Listing,,Single Family Residential,2590 Green St,San Francisco,CA,94123,28800000,5,8.0,Pacific Heights,8630,5575,1920,8,3337,,Active,,,http://www.redfin.com/CA/San-Francisco/2590-Green-St-94123/home/2030679,San Francisco MLS,500007,N,Y,37.795586,-122.441718
MLS Listing,,Condo/Co-op,1488 Harrison St #204,San Francisco,CA,94103,1025000,2,2.0,South of Market,1102,,2001,8,930,614,Active,,,http://www.redfin.com/CA/San-Francisco/1488-Harrison-St-94103/unit-204/home/12398140,San Francisco MLS,500015,N,Y,37.7709329,-122.4124205
MLS Listing,,Single Family Residential,29 Park Hill Ave,San Francisco,CA,94117,4700000,4,4.0,Buena Vista Park,2810,2874,1927,8,1673,,Active,,,http://www.redfin.com/CA/San-Francisco/29-Park-Hill-Ave-94117/home/668907,San Francisco MLS,499011,N,Y,37.7676583,-122.4390682
MLS Listing,,Single Family Residential,338 Duncan St,San Francisco,CA,94131,4895000,5,5.0,Noe Valley,3578,2387,1900,8,1368,,Active,,,http://www.redfin.com/CA/San-Francisco/338-Duncan-St-94131/home/803395,San Francisco MLS,499552,N,Y,37.7462262,-122.4286088
MLS Listing,,Multi-Family (2-4 Unit),66-68 Cook St,San Francisco,CA,94118,2100000,3,3.0,Jordan Park/Laurel Heights,1905,3060,1900,8,1102,,Active,,,http://www.redfin.com/CA/San-Francisco/66-Cook-St-94118/home/1189053,San Francisco MLS,498839,N,Y,37.7826086,-122.4519794
MLS Listing,,Townhouse,419 Fulton St #204,San Francisco,CA,94102,1795000,3,2.0,Hayes Valley,1443,,2000,8,1244,694,Active,,,http://www.redfin.com/CA/San-Francisco/419-Fulton-St-94102/unit-204/home/1689548,San Francisco MLS,499998,N,Y,37.7784716,-122.4238129
MLS Listing,,Condo/Co-op,238 Moultrie St,San Francisco,CA,94110,1100000,2,1.0,Bernal Heights,,,1900,8,,,Active,,,http://www.redfin.com/CA/San-Francisco/238-Moultrie-St-94110/home/172114345,San Francisco MLS,499991,N,Y,37.7411267,-122.4159219
MLS Listing,,Condo/Co-op,175 Russ St #5,San Francisco,CA,94103,849000,1,1.5,South of Market,837,,2003,8,1014,584,Active,,,http://www.redfin.com/CA/San-Francisco/175-Russ-St-94103/unit-5/home/12400873,San Francisco MLS,499987,N,Y,37.7781581,-122.4069909
MLS Listing,,Condo/Co-op,1075 Market St #408,San Francisco,CA,94103,724000,1,1.0,South of Market,554,,2018,8,1307,665,Active,,,http://www.redfin.com/CA/San-Francisco/1075-Market-St-94103/unit-408/home/169571402,San Francisco MLS,499005,N,Y,37.7807996,-122.4118342
MLS Listing,,Condo/Co-op,425 1st St #1506,San Francisco,CA,94105,1525000,2,2.0,South Beach,1238,,2008,8,1232,1096,Active,,,http://www.redfin.com/CA/San-Francisco/425-1st-St-94105/unit-1506/home/17305661,San Francisco MLS,499332,N,Y,37.7860625,-122.3921764
MLS Listing,,Condo/Co-op,338 Spear St Unit 20B,San Francisco,CA,94105,2695000,2,2.0,South Beach,,,,8,,998,Active,,,http://www.redfin.com/CA/San-Francisco/338-Spear-St-94105/unit-20B/home/23424159,San Francisco MLS,498468,N,Y,37.7894137,-122.3906433
MLS Listing,,Condo/Co-op,65 Hermann St #1,San Francisco,CA,94102,850000,1,1.0,Hayes Valley,877,,1959,8,969,400,Active,,,http://www.redfin.com/CA/San-Francisco/65-Hermann-St-94102/unit-1/home/1667801,San Francisco MLS,497027,N,Y,37.7704882,-122.426155
MLS Listing,,Multi-Family (5+ Unit),781 Corbett Ave,San Francisco,CA,94131,2300000,4,,Twin Peaks,3344,1938,1955,9,688,,Active,,,http://www.redfin.com/CA/San-Francisco/781-Corbett-Ave-94131/home/2021757,San Francisco MLS,495304,N,Y,37.7542112,-122.4425105
MLS Listing,,Condo/Co-op,318 Spear St Unit 8G,San Francisco,CA,94105,1099000,1,1.0,South Beach,798,,2008,9,1377,891,Active,,,http://www.redfin.com/CA/San-Francisco/318-Spear-St-94105/unit-8G/home/21967026,San Francisco MLS,498220,N,Y,37.7897457,-122.3908558
MLS Listing,,Condo/Co-op,188 Minna St Unit 35D,San Francisco,CA,94105,3800000,2,2.5,Yerba Buena,1792,,2005,9,2121,2743,Active,,,http://www.redfin.com/CA/San-Francisco/188-Minna-St-94105/unit-35D/home/22883292,San Francisco MLS,498160,N,Y,37.7861462,-122.4013007
MLS Listing,,Townhouse,145 Gardenside Dr #22,San Francisco,CA,94131,995000,2,1.5,Twin Peaks,1274,,1981,9,781,751,Active,,,http://www.redfin.com/CA/San-Francisco/145-Gardenside-Dr-94131/unit-22/home/681292,San Francisco MLS,498403,N,Y,37.7543339,-122.4449841
MLS Listing,,Condo/Co-op,1300 22nd St #110,San Francisco,CA,94107,1095000,2,2.0,Potrero Hill,,,2016,9,,673,Active,,,http://www.redfin.com/CA/San-Francisco/1300-22nd-St-94107/unit-110/home/167315210,San Francisco MLS,499972,N,Y,37.7578379,-122.3944714
MLS Listing,,Single Family Residential,474 Arkansas St,San Francisco,CA,94107,1185000,3,1.0,Potrero Hill,1105,1250,1914,9,1072,,Active,,,http://www.redfin.com/CA/San-Francisco/474-Arkansas-St-94107/home/1149136,San Francisco MLS,499968,N,Y,37.7602025,-122.3984181
MLS Listing,,Condo/Co-op,73 Wood St,San Francisco,CA,94118,625000,1,1.0,Jordan Park/Laurel Heights,1080,,,9,579,,Active,,,http://www.redfin.com/CA/San-Francisco/73-Wood-St-94118/home/110051735,San Francisco MLS,499876,N,Y,37.782741,-122.44948
MLS Listing,,Single Family Residential,830 Rhode Island St,San Francisco,CA,94107,2150000,0,,Potrero Hill,4150,2500,1900,9,518,,Active,,,http://www.redfin.com/CA/San-Francisco/830-Rhode-Island-St-94107/home/1447340,San Francisco MLS,499967,N,Y,37.7592172,-122.4023154
MLS Listing,,Multi-Family (5+ Unit),734-740 Green St,San Francisco,CA,94133,7750000,21,,North Beach,10670,4639,1907,9,726,,Active,,,http://www.redfin.com/CA/San-Francisco/734-Green-St-94133/unit-740/home/1048669,San Francisco MLS,499923,N,Y,37.799504,-122.4113437
MLS Listing,,Condo/Co-op,155 Harriet St #8,San Francisco,CA,94103,999000,2,2.0,South of Market,,,2001,9,,652,Active,,,http://www.redfin.com/CA/San-Francisco/155-Harriet-St-94103/unit-8/home/919402,San Francisco MLS,499902,N,Y,37.7776155,-122.4049895
MLS Listing,,Condo/Co-op,769 19th Ave,San Francisco,CA,94121,1425000,2,1.5,Central Richmond,1400,,1922,9,1018,250,Active,,,http://www.redfin.com/CA/San-Francisco/769-19th-Ave-94121/home/12353412,San Francisco MLS,499041,N,Y,37.7734744,-122.4781367
MLS Listing,,Condo/Co-op,355 Buena Vista Ave Unit 512W,San Francisco,CA,94117,1425000,2,2.0,Buena Vista Park,1030,,1986,9,1383,858,Active,,,http://www.redfin.com/CA/San-Francisco/355-Buena-Vista-Ave-E-94117/unit-512W/home/113433063,San Francisco MLS,499385,N,Y,37.7671808,-122.4401329
MLS Listing,,Single Family Residential,2587 41st Ave,San Francisco,CA,94116,1095000,3,2.0,Outer Parkside,1655,1624,1952,9,662,,Active,,,http://www.redfin.com/CA/San-Francisco/2587-41st-Ave-94116/home/1636869,San Francisco MLS,499951,N,Y,37.738546,-122.4992286
MLS Listing,,Condo/Co-op,1160 Mission St #1907,San Francisco,CA,94103,1200000,2,2.0,South of Market,1043,,2008,9,1151,915,Active,,,http://www.redfin.com/CA/San-Francisco/1160-Mission-St-94103/unit-1907/home/17305285,San Francisco MLS,499643,N,Y,37.7787037,-122.4126341
